Tanggal,Suhu,Kelembapan_Udara,Kelembapan_Tanah,Curah_Hujan,Target_Kebutuhan_Air_mm
2025-01-01,28.745401188473625,80.94485142059236,39.25664644193098,3.660290274007968,18.593139086644243
2025-01-02,34.50714306409916,76.08289099032362,57.0950473689179,3.261771957576247,18.225144492205
2025-01-03,32.31993941811405,69.28582848858983,73.64729179382041,0.12988276971007237,16.326605134524883
2025-01-04,30.986584841970366,84.41385059120846,66.61124432047805,2.087039407053988,15.501412031246382
2025-01-05,26.560186404424364,80.54193517661638,70.32805739307248,2.391756824494026,12.301076264002464
2025-01-06,26.559945203362027,64.87850818034674,62.93916833553587,2.5443275709899957,13.656676877781841
2025-01-07,25.580836121681994,87.32781553481527,64.61382822589263,4.3395552743263535,11.396008196201386
2025-01-08,33.66176145774935,84.67611728769506,72.45978257826596,3.8135855217643444,14.288055795810006
2025-01-09,31.011150117432088,88.49399739875773,42.483400442959294,4.681256791374099,18.263889537024905
2025-01-10,32.08072577796045,81.7715852516508,54.47124818215703,7.238365643934406,14.355420737401296
2025-01-11,25.205844942958024,78.4024558780737,41.06047209098011,8.382852007425823,12.684546447342331
2025-01-12,34.699098521619945,72.54729108871857,79.38340039983234,6.3314237191569545,11.40773020551794
2025-01-13,33.324426408004214,87.9818545006204,77.20296698433066,15.563993625021027,3.7704249071191516
2025-01-14,27.123391106782762,85.98191668501225,31.971340568425294,0.09200422291350013,22.09382406137552
2025-01-15,26.818249672071005,61.356560103185686,65.27875862578442,1.0893995535625647,14.481853468028566
2025-01-16,26.83404509853434,60.79100923491756,76.26241587078329,0.037958092657078446,13.134172900984849
2025-01-17,28.042422429595376,71.29390100634149,39.02876725636668,5.213164632038758,17.044926057893345
2025-01-18,30.24756431632238,84.31659992345499,58.39726152763147,11.415410050332383,9.312001812368987
2025-01-19,29.319450186421157,89.61828387944834,75.77441487940209,1.3951467213888673,13.388724740219066
2025-01-20,27.91229140198042,64.51250673310585,31.697298929289943,13.088845831118594,12.145609250237346
2025-01-21,31.118528947223794,77.82392146056405,64.871013362342,0.3107995096936032,17.336422193388614
2025-01-22,26.39493860652042,71.42672569893065,44.86745036862754,13.62364461500059,8.32506353753423
2025-01-23,27.92144648535218,89.09743193443809,76.21980976882652,2.1664123965326922,11.98363137168463
2025-01-24,28.663618432936918,85.26356769407126,78.55291225826838,0.5347023069596843,13.193464919247035
2025-01-25,29.560699842170358,85.14986114133413,77.2133244556717,3.326412744497058,11.676554834353192
2025-01-26,32.851759613930135,74.06079479384911,53.71071083287319,1.4837928153908595,19.49670338807774
2025-01-27,26.996737821583597,72.44458507012996,73.10213254946567,1.6764749629583098,12.536762430532017
2025-01-28,30.142344384136116,68.20221215792118,72.22746992675351,1.835718935806393,14.157103058072241
2025-01-29,30.924145688620424,61.691264899527816,45.95502366216278,8.123415099827117,14.77233603201596
2025-01-30,25.464504127199977,85.9416712876516,71.44577370753387,3.873535690691302,10.344268769540172
2025-01-31,31.075448519014383,84.38703027390233,31.850381735774633,1.8648034787672627,22.675805129338457
2025-02-01,26.705241236872915,89.99153019858392,59.81349392410265,4.712323804772562,12.620062789797876
2025-02-02,25.650515929852794,89.89910511221716,41.50044186438515,6.296558623240507,14.487922693456959
2025-02-03,34.48885537253334,76.66295116807882,36.02834428886394,1.5915587110402303,23.765511859661693
2025-02-04,34.656320330745594,83.06962245541531,33.84766008146046,2.668331669795511,23.423962813244295
2025-02-05,33.08397348116461,88.34297189647285,64.81443879390699,0.6498947976070026,18.059183143715305
2025-02-06,28.046137691733705,85.48942172032234,46.9937481884033,0.9992678386106936,18.82490493729764
2025-02-07,25.976721140063837,67.42044305229592,66.23833857643808,5.714668463130851,10.16895808423962
2025-02-08,31.842330265121568,73.5163240593028,33.26781703994712,1.0010328074182362,23.46677547863677
2025-02-09,29.40152493739601,63.87478245454485,45.76451689153052,3.7239224986605004,17.5687210914635
2025-02-10,26.22038234844779,88.62153081776167,56.97456461876686,6.172954997198428,11.776914252711778
2025-02-11,29.951769101112703,78.1852390335264,69.53615824194819,0.5651544176023522,15.616529368084832
2025-02-12,25.343885211152184,66.85928416510389,45.937625146603494,4.188694362840734,15.133462085982805
2025-02-13,34.09320402078782,80.1510205321757,61.294568821850454,1.4823548004624207,18.601804405653883
2025-02-14,27.58779981600017,78.54384721373688,74.29888741180935,16.47431485903963,0.7546705384065096
2025-02-15,31.62522284353982,70.74488154098522,60.79315940911523,3.3038418566340355,16.010906054639634
2025-02-16,28.11711076089411,63.40672776598887,41.64797373768169,8.199293587176795,14.169525763169279
2025-02-17,30.200680211778106,80.14719586778399,31.2200390778269,3.995056249968056,20.660287290349228
2025-02-18,30.467102793432797,75.6092310271138,73.50494369504649,0.22191524639933063,15.355030460587635
2025-02-19,26.84854455525527,83.16955175206918,31.063470542519358,5.0140299178717616,18.200354234826353
2025-02-20,34.695846277645586,75.6049050333598,73.73508363420997,15.121002600623664,5.504104331481866
2025-02-21,32.75132823361115,85.5654450095562,56.4468567013606,4.601642113769123,16.404979085518153
2025-02-22,34.39498941564189,76.55720516323457,76.95338492564481,8.551511073538645,9.965608863861064
2025-02-23,33.948273504276486,76.82813914606159,69.93916178868326,10.779732650770166,9.362518273785456
2025-02-24,30.97899978811085,86.29960807975036,79.89670552666686,1.2943703291825013,13.47466252537605
2025-02-25,34.21874235023117,72.10448598637191,47.53559077258551,1.1915704709007788,21.648996643877858
2025-02-26,25.884925020519194,64.02045685351922,68.35941444655634,4.7206353235476515,10.494071362110205
2025-02-27,26.959828624191452,60.86348028940017,50.09654568046211,2.646887161667886,16.343095446668993
2025-02-28,25.45227288910538,82.65411767020856,53.99378101519544,9.158574910844619,9.600520312837906
2025-03-01,28.253303307632642,78.60928654060393,61.3752731609185,11.51408176856428,7.640331606781196
2025-03-02,28.88677289689482,81.12239304297671,73.68385570931693,2.1803023921175733,12.962373392889965
2025-03-03,27.71349031773896,66.38892484526733,79.20417345996475,1.3516380730422153,11.934600008442757
2025-03-04,33.287375091519294,64.0911442676031,68.41367069322591,7.582596478962244,11.894876223944669
2025-03-05,28.567533266935893,60.43633997003646,50.88833910836669,1.606580613670829,17.820834320857944
2025-03-06,27.80934509687381,70.51762676419791,51.06785011385351,8.647144627595175,11.77338682359006
2025-03-07,30.426960831582484,77.69753060563899,66.87911507944457,2.755966503777051,14.632884196880685
2025-03-08,26.409242249747628,71.76732135299197,41.938857288415115,5.506327516026851,15.41178765436931
2025-03-09,33.0219698075404,73.12424766071187,35.52370565656973,0.5020600864556289,24.00459570329175
2025-03-10,25.745506436797708,87.12476083481245,47.73110788203883,4.888960345326871,14.415363365729592
2025-03-11,34.86886936600517,70.44766401069901,44.361949582704085,3.005280689813925,21.15782021461063
2025-03-12,32.722447692966576,75.41968467479433,44.81540602279951,4.416800520333024,18.864702225656966
2025-03-13,26.987156815341724,83.5095903822343,41.680387552495496,0.9196995746157897,19.42174123747913
2025-03-14,25.055221171236024,71.8962834696381,32.104659481818096,6.675606523742664,15.766193470260262
2025-03-15,33.154614284548344,78.66260100683621,30.89369673667069,9.931471316059389,17.453390742092523
2025-03-16,32.06857343847617,85.87091126240236,79.38611948680158,1.2214516334426968,14.179901515123612
2025-03-17,32.29007168040987,88.48561870972927,51.38865668679311,0.5030510563140048,20.46486365779511
2025-03-18,32.71270346685946,64.41220442787113,49.216332357984086,0.11961229965786996,21.417395422106615
2025-03-19,25.740446517340903,87.79762875484484,63.982364134653494,5.135713440247937,10.965179679541404
2025-03-20,28.584657285442727,74.76348879238614,40.912694393253204,4.67092486661959,17.37304987077505
2025-03-21,26.158690595251297,67.74733164896875,77.49805919751127,3.9559770669178285,9.414951804589132
2025-03-22,33.63103425875593,73.77407268714784,69.3172507207776,1.3194833147064442,16.89648033345729
2025-03-23,31.23298126827558,89.40097725856431,34.47055011561297,2.478913325326026,21.739249950754374
2025-03-24,28.308980248526492,74.77854281978608,50.87903878924642,4.51288023769661,15.368378176256673
2025-03-25,25.635583502860236,69.86254830862525,73.95591537810824,3.4335085749595793,10.279801815840806
2025-03-26,28.109823217156624,79.00202562950177,77.2366011145705,22.02566581690663,0.0
2025-03-27,28.25183322026747,67.2043685633458,53.37007556249348,0.7334580630766365,17.86513504717373
2025-03-28,32.29606178338064,62.27589984325992,60.67056946053539,5.939587812102318,14.262246749901385
2025-03-29,31.375574713552133,63.866391657319475,38.35169730460376,2.590248004051997,20.945249492613716
2025-03-30,33.87212742576327,63.84137516873317,79.55843130684883,2.794826628258579,13.788516148905003
2025-03-31,29.72214925161949,64.55708080536883,41.58358506917217,6.322114307095265,16.4866661662991
2025-04-01,26.195942459383016,64.1648151794823,77.13658870675629,5.895362876599073,7.954363187060991
2025-04-02,32.132447872229946,79.22624234409643,62.482332449618426,23.69693403932185,0.0
2025-04-03,32.60785048616897,65.45640253197435,60.38683974394296,0.6870906206829155,18.676884797749562
2025-04-04,30.61277197569496,70.3700184997159,55.634425550825426,0.5496862502032771,18.739751877519772
2025-04-05,32.70967179954561,86.90365229718036,41.53349058588793,6.442913828367711,17.89380671990105
2025-04-06,29.93795596364391,74.21884920788617,38.82640160027542,4.318336252339902,18.749028659894947
2025-04-07,30.22732829381994,80.02673215563081,41.02431045350877,1.6021329622501308,20.62709568640811
2025-04-08,29.275410183585496,65.1695961360489,39.32191310721272,0.41375343673898735,21.442319720959013
2025-04-09,25.25419126744095,65.76867056426012,68.97922367833766,0.44775435531953967,13.47304741379731
2025-04-10,26.078914269933044,61.226058487994365,47.50626295833651,11.230592562327946,9.553730493436865
2025-04-11,25.314291856867342,65.06805189216493,32.89213382816982,1.0651451592998202,20.22660303535985
2025-04-12,31.364104112637804,68.35771017095875,78.45513150704056,1.953164964737904,13.428493783120466
2025-04-13,28.143559810763268,65.3103145283024,74.18929424817128,1.2851591504781665,13.205793735364844
2025-04-14,30.08570691164703,62.66107601271167,76.38761415976064,2.1924961740521036,13.011333684629703
2025-04-15,34.07566473926093,63.61907613301803,79.74539113232177,0.35975680365814916,15.80094870023959
2025-04-16,27.49292229148875,73.82336304098177,38.69476246097437,3.660061610127674,18.079459365447363
2025-04-17,29.103829230356297,66.19001155217377,49.81210094513294,0.35003423188720684,19.309467040641795
2025-04-18,32.555511385430485,70.92809583144226,67.91192378520456,8.05611021079626,11.25048276703732
2025-04-19,27.287981654916223,75.1025181256457,64.8010309026896,1.3309865384210302,14.618995416183365
2025-04-20,25.76979909828793,80.71184485888097,37.69479531699275,3.8827734557429734,17.239721721151035
2025-04-21,27.89751452913768,61.17936419523297,70.79165624953089,10.604614082448709,6.306734748703695
2025-04-22,26.612212872540045,83.98231196727127,41.22202859183304,5.261660202051321,15.85237255626236
2025-04-23,34.29697652342573,78.83701168472723,41.19088074113115,3.8066781628736583,20.86496958318771
2025-04-24,33.08120379564417,62.45277095846616,56.84872114467068,1.9602802124207304,18.602633498951363
2025-04-25,31.334037565104236,86.20735872320331,59.64699674208516,2.024840506119234,17.1177470292397
2025-04-26,33.71460590187718,87.6261720159544,59.004310391890556,5.53554575284868,15.628004270281533
2025-04-27,33.036720768991145,61.83233879564591,34.574341869887746,25.69748337353652,4.045505311688805
2025-04-28,26.86570058886036,68.30632944441611,73.87304313151901,5.421168634826156,9.321306760265454
2025-04-29,33.92558998489978,84.18603839379185,43.2800021294353,4.0797775548399065,20.042972522690903
2025-04-30,30.393422419156508,82.44779071150975,36.47574606414021,6.558727620964056,17.654579899978966
2025-05-01,33.07440155164063,65.53563058069132,74.43740399344887,3.1293646399120445,14.146228265200904
2025-05-02,33.960912999234935,66.28047970010131,77.78257491148767,0.3101342174160877,16.17583414338706
2025-05-03,28.18003474971864,71.11416308374146,73.10638086327253,4.131071300719805,11.163884161628967
2025-05-04,26.100519245276768,74.53568955573064,70.4758037362439,15.806017136476676,1.31028516620826
2025-05-05,27.279351625419416,78.54764314590888,62.76209903195109,0.9636958147035177,15.316299354556675
2025-05-06,29.271077886262564,71.06740918709318,57.542868530456964,5.855993792341289,13.442170203166857
2025-05-07,33.18014765922493,73.87604148399444,34.34933799557051,1.1215567187112898,23.82296085552933
2025-05-08,33.60730583256343,82.4241281440127,50.42266065353493,3.8374971301322325,18.649123081468943
2025-05-09,25.069521305311905,61.10049608671794,48.6344258506157,0.5083724185118045,17.40117754772337
2025-05-10,30.107473025775658,67.57310833032062,42.98768918801631,2.9925582892294034,19.062152043901044
2025-05-11,29.17411003148779,81.40048757653658,66.17100568442925,7.056283292712283,10.707827244688216
2025-05-12,27.221078104707303,86.85620513061598,54.79378675393854,2.1352688074272708,15.943566655624126
2025-05-13,26.19865367333683,75.35032326346999,34.0523107953824,5.466806364380442,16.91541958608758
2025-05-14,28.37615171403628,75.96340455795946,41.009160097490565,7.934713214581751,14.638473265854625
2025-05-15,34.429097039125196,63.21516034019328,64.16293818297979,13.098673463521045,8.903022112149802
2025-05-16,28.232029320207552,73.42237100470363,33.80654297451501,1.3370584385777782,21.28505931433855
2025-05-17,30.18790621743366,75.9785179936507,72.56034570243844,2.548430664572674,13.543139436571002
2025-05-18,32.03018958895178,67.27411510904189,54.75732635069872,0.826826726612014,19.402168143046534
2025-05-19,28.63629602379294,68.07729692848143,54.0293288663324,24.453274810240273,0.0
2025-05-20,34.71782082720961,71.31852489313869,59.62038923297588,13.086545485792861,9.965596178375337
2025-05-21,34.62447294942111,60.602135933331795,71.23404829625746,3.8821779939956134,14.959684420262573
2025-05-22,27.517822958253642,69.66237496749535,47.390460395109656,9.226854960309858,11.899335431857002
2025-05-23,29.972485058923855,66.34344020989634,63.90080762795318,3.679834776491431,14.262213182678147
2025-05-24,28.008783098167697,69.82492056533744,58.28659819978955,4.885324243108654,13.438812514639014
2025-05-25,27.848404943774675,63.59286395457754,43.35141350847107,0.466744897715109,19.880523852021035
2025-05-26,25.368869473545328,86.71581842219685,73.9314993177579,7.038007175778694,7.267729132598128
2025-05-27,31.09564333979897,77.80777360662145,69.8713010803464,0.6831866761445355,16.027012112914576
2025-05-28,30.026790232288615,80.37306957433469,62.922591732921276,8.745443674676697,10.432521829818693
2025-05-29,25.514787512499893,83.67513715822015,72.52908645471209,7.616945335093326,7.158020197232869
2025-05-30,27.786464642366113,74.95326596787172,73.36471004799012,6.167775345468045,9.286070035210596
2025-05-31,34.08265885966654,62.60760864262271,65.41814883575174,0.1841518402577656,18.81037819047671
2025-06-01,27.395618906669725,76.11319625455644,71.85066641818361,1.8057702002577507,12.88306000949194
2025-06-02,26.44894872091223,77.60523354062637,64.87357308346418,1.5266006958956373,14.02847918704677
2025-06-03,29.894527602775632,82.36318422552989,64.00703858801502,2.232501310097585,15.359855035706742
2025-06-04,34.856504541106005,72.94978638689038,60.93056891075922,0.45861820286188815,19.875243926111647
2025-06-05,27.420552715115004,63.82740908386691,67.63583197788206,13.81975650446037,4.127304758412791
2025-06-06,31.721355474058786,68.51327717396174,37.93025526465368,4.034965093815908,20.04665460904593
2025-06-07,32.61619615328718,70.89246889195906,74.04353795994642,1.8229906097380109,15.040997996863895
2025-06-08,27.376375439923997,79.37751723994803,73.5921763872616,2.5290371555329956,11.94652271808328
2025-06-09,32.2821634861186,77.12334914006736,31.462364151727957,2.963818011213151,22.477554503743185
2025-06-10,28.677831327192532,70.68290177693538,71.29083752823814,4.58888835110396,11.40963747706547
2025-06-11,31.323058305935795,89.59545746378939,36.44349337367226,3.625041260227198,20.472797470051688
2025-06-12,31.335297107608948,78.17324458070661,46.75594271295709,12.590785232588233,11.243831825142466
2025-06-13,30.357746840747584,67.11680375207983,67.1754128145804,3.435462564603948,13.995420805774554
2025-06-14,25.902897700544084,63.05347417861211,38.03799480241541,24.241316326801176,0.9507968283480182
2025-06-15,33.35302495589238,64.58577417552996,70.8983512059531,9.533325566641402,9.870181783442447
2025-06-16,28.20780064971736,67.37873185153525,71.6067088978871,1.1691934191971594,13.847203809923531
2025-06-17,26.86518510399854,64.82044119778666,55.37338668804181,13.338997302944271,6.686717372035488
2025-06-18,25.40775141554764,65.59701072153918,30.319293585841677,0.6185638975497147,21.145165872565713
2025-06-19,30.90892943188242,68.55285506081542,44.35190665874564,8.503647870053628,14.78116508814918
2025-06-20,31.775643618422826,65.20120785884265,60.84634591878711,2.395208093335486,16.8023861507856
2025-06-21,25.165878289278563,86.90296273879275,79.05930890137117,10.51761884121618,3.356982291392102
2025-06-22,30.12093058299281,62.40701236984927,61.59067635083342,10.126914595778134,9.640798344707212
2025-06-23,27.26495775197938,75.73534168710763,42.99017905320799,8.197563291787237,13.476392431918303
2025-06-24,31.451727904094497,72.31190480968985,61.70028515498056,7.803963467821306,12.14263614679409
2025-06-25,26.743664290049914,89.47135850725819,56.999268985792774,1.8169093479589338,15.518450869499254
2025-06-26,31.90937738102466,63.36116706504157,68.99226975755718,0.42190664600374733,16.818709422197895
2025-06-27,28.867353463005372,71.93566797137225,35.34903194134792,2.579024823711498,20.300650484263905
2025-06-28,34.367299887367345,89.08411299826106,68.05139512510141,0.9529251168332877,17.81103082519676
2025-06-29,26.375209441459933,85.96521377681941,57.063328933805515,5.93641575488737,12.025806330058968
2025-06-30,28.410663510502584,84.5121621284784,78.14960019294973,2.1240021310655317,11.876210011808919
2025-07-01,26.13473521240589,67.7370848113482,47.0936083019343,18.567951510635414,3.794284737307752
2025-07-02,34.24693618278563,65.12662762170197,61.63109465669741,5.121775572680622,15.699828701908835
2025-07-03,33.77339353380981,80.05929659773292,76.60140527550087,8.643375877049689,9.651715010164978
2025-07-04,27.579416277151555,87.88127967382758,35.12548639953396,0.7108410438327972,21.195938023602746
2025-07-05,31.599840460341788,76.70288679041789,76.86142436182256,9.903032716682254,7.505209184460578
2025-07-06,33.17222200201216,77.14838068409699,64.39428611504067,12.804007243080664,8.464047983533415
2025-07-07,30.552008115994624,68.39937280980853,33.39185295525859,3.3380007027412466,20.927232904752596
2025-07-08,30.296505783560065,83.0847879957581,45.04817834734081,4.660232749124953,17.41043102301191
2025-07-09,27.418522909004515,65.6113124567257,65.40860443226407,7.236803671659189,9.838097630722093
2025-07-10,25.931027678058992,69.71037709212732,33.36753007343859,0.9608815422728965,20.52330259052346
2025-07-11,33.97215757953327,72.76309315849251,59.10852300881366,3.4914627410819725,17.371203995138323
2025-07-12,34.004180571633306,75.22831136053365,47.29415284764784,2.542999078347839,20.508860453608815
2025-07-13,31.33101457273268,67.27229197245241,61.04577588837385,0.7913105552263051,17.823303664510526
2025-07-14,28.390297910487007,63.445104742176106,32.28710169062564,2.2906474122836578,20.90521068729145
2025-07-15,28.49209574612661,78.31860127324897,73.57684030761882,0.35303681352055105,14.248250360723098
2025-07-16,32.2595567887024,68.65891659720768,78.67444845886985,0.13075439984406323,15.290285182701977
2025-07-17,33.97110259952577,77.43714664267837,78.44389276428458,0.7260901616428179,15.715900617591714
2025-07-18,33.87086424265117,64.63088145822607,67.48259158714623,16.499766699885537,5.239100443987908
2025-07-19,32.79875545857624,74.43420305564453,36.5043120065316,3.9873138327906146,20.90866426174931
2025-07-20,31.42031646154288,75.97768297654758,67.91315979645113,16.88088915942053,3.622814943944789
2025-07-21,25.84139964995049,61.55470610467281,31.229345822940076,2.8325539550412495,19.40878749635423
2025-07-22,26.616287140946138,70.09812834581761,31.106177576449863,1.8684961416535204,20.59211114186028
2025-07-23,33.98554188527079,64.03244030816923,46.18051095747706,3.5275348738864984,19.934640852030785
2025-07-24,31.0642905965959,61.90124911418303,54.432159520233284,2.8947344531327417,17.329925831745097
2025-07-25,25.091970516166295,89.69880697169836,68.52037089038966,0.5583725029919596,13.395213077611649
2025-07-26,26.01471542866032,69.67061534924169,64.16476883032526,5.1197460219874635,11.078607130675136
2025-07-27,31.635017691080556,84.29623337563905,52.29513531883742,1.2169748099916533,19.38490193377947
2025-07-28,25.050615838462186,67.63921964291292,43.68133331408329,4.832501422528819,14.923040118391379
2025-07-29,26.608080514174986,80.44508166671788,79.85622500788556,5.2519841966230985,8.131207898211903
2025-07-30,30.48733789366586,82.80683579669059,51.309065111798645,0.8245197577722321,19.322240118255415
2025-07-31,31.918951976926934,77.86916221823533,52.569351216483774,0.3165610447526569,20.192356909364584
2025-08-01,31.519612595026004,74.14728565650475,38.181191059583455,7.587977466119651,17.05318611270059
2025-08-02,27.2426930946056,72.35522742441806,69.74047743749647,3.0790831104569314,12.20998457143796
2025-08-03,32.12179221347536,70.46604799628986,64.68411128907442,0.29961950051907926,17.88437824850753
2025-08-04,27.372490874968,87.88587432743478,41.03848063943802,26.359659883683328,0.0
2025-08-05,28.253996981592678,84.91858223363187,34.11905228079213,0.2975854071221184,22.065119708940216
2025-08-06,32.464914051180244,88.95080731999538,64.02496510373565,5.9377950675007565,13.677227950842386
2025-08-07,31.496328990472147,63.728916704566345,62.72556071405676,20.576490388284764,1.7418600417969081
2025-08-08,33.49223410494178,81.92602425610933,43.662976349910466,1.3667930847857352,21.920087314660208
2025-08-09,31.576128923003434,88.15021370463114,77.54317811252051,0.7672093061679247,14.665661394063276
2025-08-10,30.683086033354716,65.43699198496981,37.55289458904501,0.6470420301200468,22.313330474772318
2025-08-11,25.936747678280923,61.99488802100333,51.6167400521301,1.806823529705549,16.19956700495
2025-08-12,28.677158030594335,82.23361947870177,77.18079600837994,0.5326160177578074,13.476326999414932
2025-08-13,27.652023676817254,77.23419339539736,50.986365846306114,5.890897349640917,13.916020789434672
2025-08-14,27.439896433790835,85.25486330274816,61.92629738320428,0.32158231899763545,16.077422885056453
2025-08-15,34.73010554752446,64.19317129878868,49.87971989813971,3.5608562621731843,19.540423784395742
2025-08-16,28.930977246667602,83.8580193557967,43.7107601174335,28.564399433999675,0.0
2025-08-17,33.92046555177113,66.04881960143234,79.19888239799141,8.409243883383578,9.393061189580418
2025-08-18,31.31138625997263,64.90967828597114,50.46670031575215,4.775410383099368,16.74202476035639
2025-08-19,32.94811303541648,64.92797393792979,74.70496018395673,1.8282441654349264,15.070469148568954
2025-08-20,30.026370931051922,84.43724160694146,41.49773029455431,4.889445714095118,17.802082835339004
2025-08-21,30.76903884626359,79.955916620886,40.655235201254165,3.743737779397671,19.258482159362828
2025-08-22,29.92517693818864,75.69196274307357,31.556704144225566,2.776355806583479,21.430162994982425
2025-08-23,26.952429877980446,70.76491452370507,62.58334126879425,0.7003946293017256,15.39923098178999
2025-08-24,32.224521152615054,86.31601622439325,48.42631718618806,10.884355299060237,12.719512899821725
2025-08-25,27.80772362440856,71.77335322267906,73.21791249198185,2.987227648963911,11.870497194636782
2025-08-26,25.24315966431454,84.49798318414732,53.66049533457786,1.082220910307068,16.023704036996044
2025-08-27,31.454722959071677,73.17404725710655,78.40967139573608,2.2924259169146763,13.21148646685688
2025-08-28,26.77110679407049,71.30833288274722,39.27627578515606,2.67328467310067,18.391670501523496
2025-08-29,34.40458584352914,73.88039357008819,73.43115839778054,8.787888755452666,10.485750237846329
2025-08-30,34.53928577002587,69.04133622492427,68.82984263958708,6.614051614296391,13.212433065658404
2025-08-31,34.14864390220448,82.42828140528754,68.5460922322026,7.333291630850959,12.498470199980954
2025-09-01,28.701587002554444,75.08161170277438,72.23916140584438,0.05546280010766931,14.858590980022209
2025-09-02,25.154566165288674,66.96638085440452,68.05119954714993,2.690590132204877,11.814571067450448
2025-09-03,34.28318562587725,86.98723719823705,61.31101608157077,3.2825736051908034,17.25333071247183
2025-09-04,29.281841483173142,71.51673664119635,36.56224388411938,0.09689419733223151,22.25095660689691
2025-09-05,34.6665481904367,76.30658583341966,31.626308974562598,1.5042635201091314,24.804601484218523
2025-09-06,34.63619977089253,87.19416332893641,76.04239239078434,7.14162340857189,11.396322680431883
2025-09-07,33.5300945546736,78.72713987741976,60.8325157260369,0.7373385866694464,19.008673262793863
2025-09-08,27.944488920695857,63.50694122125092,69.82686454880881,3.831925226324291,11.941331369526733
2025-09-09,28.85097728601925,88.19496370840426,54.07611757562751,1.2116437803844688,17.640950103576547
2025-09-10,33.51136671516857,78.83124159214253,35.86540944811972,0.0609741512438881,24.53382214696523
2025-09-11,28.169220051562775,70.04716843971258,36.259289610127524,1.3800948092514966,20.728676256354685
2025-09-12,26.694927466860925,64.17816217990162,64.27826436144858,18.62227511571439,0.5939907685692312
2025-09-13,30.568012624583503,83.82075567810888,51.51529474497313,8.085765789807736,13.512334731450935
2025-09-14,34.36154774160781,78.60218267785541,40.02623633501683,16.041737750956166,11.342136403035603
2025-09-15,31.960297966749728,76.00383275928965,54.579727337071844,3.34572812055584,17.387621019515823
2025-09-16,30.70061170089365,86.81677749152873,33.21044685375671,0.5811872709759626,23.243266662914714
2025-09-17,25.971764937707686,83.65791633673592,59.098570095719936,3.9699173850084724,12.990234541703078
2025-09-18,31.1500722669917,64.55024639198254,43.449670221754886,3.0291381554346426,19.46179156479716
2025-09-19,34.90053850104263,69.35166203386645,69.87795503185941,9.300954436999046,11.033914694550194
2025-09-20,26.40084015236524,67.45467419443398,45.518097946178685,0.5161615804331191,18.683871222600388
2025-09-21,30.183296523637367,82.3183887771803,52.76100745409006,3.349508678149231,16.859839828481284
2025-09-22,33.773730719279556,61.00597304207338,30.581026995405033,0.8128809185896223,25.12035522568707
2025-09-23,32.40768617754205,77.0966905461395,33.62234438972794,1.9628129750685221,22.909123830770618
2025-09-24,31.97015740995268,82.87376057222072,49.62467782033424,6.684799390123954,15.712303628810327
2025-09-25,32.02484083987109,86.30296910285249,53.996941735856176,3.2314909664580886,17.627839299597838
2025-09-26,28.59491151219755,70.26245246147722,60.00102740596519,2.357129482107963,15.411546689219367
2025-09-27,27.935918442644933,84.63771914016039,44.58312893546516,2.508307700792891,18.044687273595123
2025-09-28,33.093611554785134,63.31895210865622,64.74909430632712,3.075810804584616,16.136338272459447
2025-09-29,33.101133946791805,85.39356875203555,73.00611985946023,7.68597100947232,10.800566193925999
2025-09-30,33.67072318580104,63.824659869959476,68.99254944466749,11.132042581618734,9.131217638672032
2025-10-01,34.132405525564714,71.91861871681101,31.980941267417858,15.5427903151115,13.235782257209584
2025-10-02,30.113423988609377,83.91886097338661,54.02534736289145,7.7300481522784885,13.067603999903607
2025-10-03,30.015162946871996,64.49752282046322,35.246508920908745,1.8946531280202563,21.442557186838044
2025-10-04,32.98295178966775,66.87754185697925,42.10225079312637,5.825919673405102,18.41028999748452
2025-10-05,31.499639307777652,81.667577051792,79.33312966335733,2.8777374668244695,12.581003747757784
2025-10-06,32.019668772577035,81.60109609638224,37.12477714507566,1.4696452012448886,22.409162796277474
2025-10-07,32.95792669436101,79.23442898655892,54.944407672567806,9.190218630952891,13.137906907904629
2025-10-08,33.90005341817566,80.818453334013,60.90778671590596,0.19592058371878027,19.611732898931614
2025-10-09,28.37995156851536,76.28173330042789,65.12324852720519,11.601810465201861,6.88387770665515
2025-10-10,28.755829526399438,67.55397176720858,57.982434174345705,3.094629674196398,15.305724188973459
2025-10-11,25.93981939840869,70.37087980511758,30.488542370959184,5.069538156672787,17.81657069967428
2025-10-12,30.782801409961742,65.44793150404277,46.3230654121996,5.384556178581311,16.819142679675902
2025-10-13,25.35942273796742,87.25351684000884,55.885582169235576,11.274584490295103,7.482927342900512
2025-10-14,29.6559801813246,77.50175384298362,34.39332495724167,5.062214460021356,18.899553531196883
2025-10-15,30.426446347075768,72.02554250290919,47.53134656045904,4.758729320554361,16.899970405002588
2025-10-16,27.865412521282845,73.86017410932398,31.660155439568328,0.344886003909527,22.324766369600134
2025-10-17,30.908332605690106,88.41850018835446,33.928924857751035,3.653290209946091,20.745749163337972
2025-10-18,25.305002499390493,64.6005420934824,49.8461638100798,0.8135888687831074,17.0323973926528
2025-10-19,25.373481887492144,77.58689496050391,36.63578770215302,6.686259595713725,15.010575726744488
2025-10-20,33.22600560659659,75.17666036653398,58.37704241307791,3.5894736616271414,17.066015391380997
2025-10-21,28.60190641411263,78.34362706303943,64.47324845686329,5.700731733357541,11.845718128997625
2025-10-22,26.27060512651885,60.54330551462522,70.02933495545415,0.21283059708177177,13.959171094503176
2025-10-23,30.222432600548043,86.16371726832455,40.007512212240506,0.4430196733423927,21.755298119152005
2025-10-24,32.69993553098611,87.96354847450837,38.37412911295349,6.299601899914633,18.635460422970652
2025-10-25,27.158210274968432,76.95399550767627,35.228392016720015,0.3740721481731317,21.234169015601708
2025-10-26,31.22890475819,80.89952471630677,61.821512477181834,0.3696146343450604,17.954458176182584
2025-10-27,25.85347464993768,87.67498143531887,65.32378632434506,0.06091190004897985,14.813250540060643
2025-10-28,25.516817211686078,81.21715902940196,31.579307241282102,15.675132431098946,8.90244121270746
2025-10-29,30.313546315681478,64.57617128742784,76.81061231218449,6.687680215078304,9.444506523341197
2025-10-30,30.406351216101065,77.2886508050044,32.59856418257362,2.178988178668496,21.94027222860101
2025-10-31,31.374299014982064,78.20145139148568,57.06481676505352,1.7586899061504941,17.867234229559934
2025-11-01,32.26091333722661,72.72392013907158,65.45302597254582,2.1516322533344003,16.31854567143662
2025-11-02,34.75852079462535,82.09332706874169,73.54845618730428,7.450580998658252,11.709104360925215
2025-11-03,30.163003483011952,88.03101044307044,65.70434660662139,5.414245088142517,12.609236349667686
2025-11-04,28.22956472941246,87.76705538720329,70.08640415348958,1.0240357755499983,14.278272913568314
2025-11-05,32.951861947687036,73.52518114212396,46.972509627140305,0.9564644072751095,21.316257522595368
2025-11-06,27.708322512620743,63.39714137522266,70.7412556873256,0.5178974559716975,14.291592154067892
2025-11-07,29.38971420705636,89.54523596887003,34.00574231923376,5.398502050167564,18.574906999547377
2025-11-08,25.78456381342266,85.16694259337802,74.74083280302638,7.2275189961185795,7.16210014921119
2025-11-09,25.253507434154574,63.739880436098005,57.37961880768681,1.5397397477679515,14.919038157325563
2025-11-10,34.62648414677925,87.62525647852117,70.86488849812469,0.10583709225807564,18.055594699958228
2025-11-11,33.35980120512206,86.09689086186384,52.615914225915006,0.42872453728468046,20.813738127550284
2025-11-12,31.959742060936982,75.56514171378217,62.178884759826246,17.188275014186715,4.793474067153868
2025-11-13,29.0895294441427,77.73826307234788,56.320133046805665,1.7509428265181268,16.879983851495716
2025-11-14,26.73294320070846,71.97008111610391,66.5794760877666,7.331520216520101,9.185360209584829
2025-11-15,26.56437042671086,61.64284916466094,34.08149910152948,4.89966252744019,17.54615537109738
2025-11-16,27.502428981645952,70.05591724937703,33.01760419952819,2.405845779146629,20.223017027600033
2025-11-17,30.492266647061204,84.08560345794035,42.355161700507324,1.1513900947795177,20.853988907605522
2025-11-18,32.145959227000624,60.138960690138084,37.97723400565942,0.6470504452855058,22.95989245614002
2025-11-19,31.601973767177313,70.00497515073432,73.58917832961009,4.772728142397403,12.264968703748714
2025-11-20,27.799338969459427,71.9450608077283,40.960699367902215,7.450142791704588,14.7474153777856
2025-11-21,34.54865280663194,76.12186808813769,78.79326279095656,5.162778167818544,12.385451310869822
2025-11-22,32.37896916695769,87.59566849238281,46.844789588555344,3.7783281384323617,18.797864155021884
2025-11-23,30.543540525114008,70.39037983097884,39.10589578443496,0.2142829365455452,22.279164756433573
2025-11-24,31.117207462343522,70.40859605688684,69.48492535712396,17.28705764876777,2.8319725407327514
2025-11-25,29.1960006242779,82.12503744329246,62.935388775043805,8.015147244221799,10.59880476175275
2025-11-26,27.477309895011576,73.56653822669422,54.90978582265695,1.732364643188236,16.370806068423807
2025-11-27,28.559726786512616,66.73814468819945,57.76817754688156,19.55270286358609,2.08406559301112
2025-11-28,32.578461104643694,73.57318548398081,65.96008891361319,4.6050290223474,14.413189551721288
2025-11-29,25.143934886297558,64.22571061139399,41.422737066564935,4.366427510224252,15.794278021656389
2025-11-30,26.160726405069163,65.2916095951867,79.8166958028371,6.893083141025072,6.602557529147102
2025-12-01,25.460026420217527,74.95103318218439,78.73965810733915,8.350447669219385,5.301723453265424
2025-12-02,25.4072880231897,72.56776348513644,62.516284317346845,5.342529453740248,10.926363585133283
2025-12-03,33.55460584011007,87.445377032043,39.97712254645725,0.6853783099019248,23.233575762842044
2025-12-04,32.036578593800236,70.871816973499,64.01141212156458,2.0644694615775414,16.56443130332517
2025-12-05,29.74173829087325,77.4176505083413,33.60992044895879,13.16125753212103,12.619879029948043
2025-12-06,25.978341606510014,78.96792863758591,31.532625110290304,1.2719819393547196,20.66506022971317
2025-12-07,29.916158751168325,60.39283369765001,42.884144425560685,2.3274055470633983,19.519326052821306
2025-12-08,29.734717707805657,79.90612116050131,53.131147836965816,2.8288461335936548,16.97805237963474
2025-12-09,26.732018699100152,65.34107900609254,73.41362527041903,2.893782704616665,11.368258131772937
2025-12-10,29.338516492379732,88.83210952408365,66.3584534883154,4.745872402761159,12.600869626317856
2025-12-11,28.985047343973733,64.4598818325934,67.13532605999904,14.330176918900978,4.601316924866273
2025-12-12,31.158500980522163,72.43872371181071,51.274666722403765,1.3767436213709323,19.22292224868358
2025-12-13,31.350936508676437,62.56049004235932,47.29674962734815,0.6477046900247617,20.69795457684878
2025-12-14,25.453040097720447,89.90622755537842,48.55193814923014,1.0999332594693239,17.136185811438736
2025-12-15,28.74612614626471,75.06585030993728,79.3824781868029,10.89851540550276,4.777755111369567
2025-12-16,31.258599157142363,77.86155051960131,32.005459570624126,5.189620405381139,20.076511340141444
2025-12-17,30.031362585800878,62.012294321652824,73.35157480612243,1.683708889395092,13.998399220159879
2025-12-18,33.56489841188322,82.49881411197534,58.93377042861967,8.462655938873603,13.225570369118792
2025-12-19,31.58693631618945,66.29716779286757,51.930770959479524,9.879733695998477,12.503527009400038
2025-12-20,26.629344270814297,86.94162868322141,66.26288302075682,9.370740639905378,7.565503019331481
2025-12-21,25.7056874740043,66.15418921446022,54.33344707123514,12.56199771637116,6.936556149658193
2025-12-22,31.424192782063155,65.72063161991,73.67116190408302,1.453372862073077,14.81516572055651
2025-12-23,25.26511310541622,61.09649003544285,75.03509320056293,7.033341104115277,6.9988650293033015
2025-12-24,30.85775581273463,74.16200835329998,51.08604634367277,3.0859285392605713,17.742925806224303
2025-12-25,34.402302414249576,76.94523399787849,43.841389861752575,9.225755435367258,16.052268886480466
2025-12-26,30.754741778758792,61.971259182850574,59.617516429668115,6.518794009673784,13.238832395706744
2025-12-27,28.88169926206522,83.26582850085032,75.61816728083454,7.490543769327964,8.32478115940333
2025-12-28,31.432882184423534,73.59866504244083,40.53310945028333,5.337920953421046,18.339482439418266
2025-12-29,29.582528904915165,75.7317080798274,61.14832917817414,0.9766009881197293,16.78031782632697
2025-12-30,30.45616789315935,73.22288240814684,61.57801100462603,3.937585120961023,14.762413648885651
2025-12-31,34.41464808776525,72.02289182625978,66.65565112076405,20.889632975084726,2.164487439662034
2026-01-01,28.861026378007743,76.78920993924653,36.57838425636299,13.853996940037163,11.031638785701542
2026-01-02,34.61190563823914,64.65720737792138,65.79124823410443,0.22066723058793036,18.97116938782834
2026-01-03,34.053506419560634,65.45784391485813,75.45162603328205,0.9005090057537746,16.216020798520887
2026-01-04,26.957911347892964,85.85356863040552,38.984155443512094,0.7062557007634263,20.117120024633323
2026-01-05,25.693613008751655,88.38346386400897,41.87716624619388,6.472769270301935,14.293157838895503
2026-01-06,26.007780013774266,71.19927948839259,78.56975470208198,8.512848903479231,5.479659943687352
2026-01-07,25.182218256515498,68.12234019430662,39.04884763547449,1.2008850417502643,18.82063156776264
2026-01-08,25.944429607559282,79.31998629717047,72.71925466847895,3.524608069197645,10.608677414725733
2026-01-09,31.83006773416357,72.2620251329429,54.61389282240174,9.184925352389019,12.644315020690222
2026-01-10,25.71188648460229,60.761590669810346,42.36155372015885,6.598818093235882,14.104578023680666
2026-01-11,28.189756302937614,64.68457792098572,73.53749506362557,3.9070207247689748,11.261762558928512
2026-01-12,33.44875310969454,81.47916686542193,52.265262750133274,4.462232522850162,17.701537986540487
2026-01-13,25.23271935735826,79.76771825730454,55.740867696484514,3.55004825034203,13.628147539108602
2026-01-14,33.14468482588936,60.812879775104506,47.96166846998828,1.7658942500081025,20.56729331894054
2026-01-15,27.818547747733998,66.65916485798849,59.64754257174637,4.1622990373407776,13.649926129645102
2026-01-16,26.181648276216563,66.93224389764214,38.17619362925114,5.837968155484062,15.785210887870804
2026-01-17,31.967371653641507,80.15678230796185,49.55407683258804,10.330570375537263,12.808414159873333
2026-01-18,31.28942846779884,60.59131613263092,78.47061611676438,5.057010774374272,10.904982391047128
2026-01-19,33.77472013527053,63.123257459537214,42.90667163505638,7.159001897927629,17.578824222281884
2026-01-20,32.35071043803886,83.99748256119568,62.83683322706461,0.8721933524456189,17.910233891650012
2026-01-21,33.03480930384848,65.35633986163,46.259503211234744,3.09537259333188,19.789205935011786
2026-01-22,27.820345725713064,79.58238323555624,68.67365628433004,0.046877160822280786,15.1379398773327
2026-01-23,26.774395437797228,67.1454834314018,36.54368303591749,1.4163183367893346,19.945406442283648
2026-01-24,32.50614751640858,62.983241782780354,78.49105225392724,6.481568428056429,10.3696085649737
2026-01-25,33.06834739267264,67.29516572998362,52.68947706918196,24.024177204430693,1.776936518955372
2026-01-26,34.905051420006735,81.66800795566978,41.8025231673232,0.5222385485554638,23.674230237694353
2026-01-27,29.126176769114267,85.67089404318857,33.67483736650063,2.5665962836070966,20.77484388437133
2026-01-28,28.720180857927833,84.90659593700974,38.48789525437704,8.048964094508742,15.223340102481515
2026-01-29,32.76412960741997,71.91550588855364,55.988697427800886,1.1410043063078188,19.271521873103552
2026-01-30,28.408035402530178,80.04255409711939,46.850158821564314,4.049359561738078,16.594498287561763
2026-01-31,34.307573256035646,66.14952886247463,71.44416829413046,6.6038684128406775,12.581858238919189
2026-02-01,33.58412751843012,68.7944319078304,51.54437618309029,4.785374185823828,17.65488917393794
2026-02-02,29.289940273750183,86.89007455563359,42.435713629381496,1.0414270031672503,20.32468580846499
2026-02-03,32.508710677914976,60.39005770532208,60.8572493302015,2.1955068526149537,17.326499990825226
2026-02-04,32.54542874084682,62.56525592563404,65.33886084427229,7.6575668744699374,12.078888701993002
2026-02-05,26.031238688359327,66.23658765438083,38.35209539504749,4.039721675980882,17.11342292438546
2026-02-06,34.02552906679567,60.79596611621459,38.380960814415886,0.02621667917122488,24.315599027177676
2026-02-07,30.052523724478572,65.44306305269392,31.83357134667715,7.156265334138119,17.93453532559336
2026-02-08,33.26457466107742,77.49124682909077,66.82010075328202,0.179749386557771,18.124467670636086
2026-02-09,28.200496010306118,72.64273651777494,63.190226381090255,6.84686730676522,10.984708883522831
2026-02-10,33.95523228496201,86.78015133230925,53.73154378749069,1.1312453432593608,20.326311110375375
2026-02-11,28.892016787341632,84.52330685215323,72.20852244845986,15.859183597798928,2.3169570257397005
2026-02-12,25.108376514802984,70.25452055093628,70.28350764750266,2.293860706448017,11.662398162742546
2026-02-13,34.05381976419264,67.78270300293877,59.267718219837604,1.9795417215167819,18.589732860915372
2026-02-14,25.912866767861335,71.39077224501801,73.41356402566294,0.8060580416755946,12.628874145457603
2026-02-15,28.19313637590415,77.70884827544424,40.292060501838414,1.8235659317442863,19.579303342188965
2026-02-16,34.50061967050805,68.0419092246863,35.5959809698864,10.463678060883195,16.76017119257019
2026-02-17,34.50607146937556,78.72446723547402,43.48748057584948,28.04373115354528,1.1205546966816602
2026-02-18,30.73437888123286,72.2823495657372,32.854342804465745,2.2967788413439005,21.95889780664816
2026-02-19,31.31837212169799,76.5614154255594,56.5584764000516,2.9765703025518473,16.966234538797195
2026-02-20,29.484455219783197,73.0837958740595,76.83028461474808,6.401946856224549,9.254613201962341
2026-02-21,27.932107716980646,68.83397278625753,31.967177033425482,10.86637839731507,13.87951573395317
2026-02-22,28.28664545369916,88.4535992088647,36.105495700501336,4.495255143393083,18.326019472034844
2026-02-23,31.725184560770384,82.90817382479283,52.60995141417176,2.4840029972796573,18.353399599727112
2026-02-24,32.5237452943768,64.20339527299357,76.69375087639524,2.6604322157516864,13.794776699308002
2026-02-25,32.91579043725849,86.05403927693739,45.807805248837525,5.947361343779222,17.538445093838362
2026-02-26,32.896181427945535,74.62293594748542,55.36174043441962,0.016117266761173126,20.362848813679904
2026-02-27,25.912061030486903,86.83656680682274,32.0786429525196,4.8325195944629264,17.67428624916919
2026-02-28,29.944203047025816,83.99565767841946,37.41716004810444,2.1963480586487476,20.73159106697302
2026-03-01,25.575587600166443,72.756405134077,79.33150614794235,7.904187440553979,5.5981426180515665
2026-03-02,30.495288823237356,60.67407924960352,78.25593482180227,0.48801254494928015,14.206047411298798
2026-03-03,29.41530501373377,68.06032078154838,30.246999046720482,4.436114946889184,20.10936074001144
2026-03-04,33.877041827583,76.24902643982601,77.59058927116195,3.278995809468057,13.797206411984664
2026-03-05,28.509150125520787,79.00434659478442,61.95599689077502,5.140659982373224,12.75084769870681
2026-03-06,26.170670164276057,67.73663056299607,73.39591472600111,0.3352608925534093,13.137943422895079
2026-03-07,26.42991682052836,64.18068222218473,52.736992781692955,4.337309835440721,14.19771198557301
2026-03-08,32.61510631717472,85.04790710397897,55.779801428962514,4.1218016030144025,16.854151590383335
2026-03-09,31.18218063316261,89.53206542110657,54.44232901284601,4.11240946550342,16.412696941609365
2026-03-10,26.011226761227903,75.77070546908058,63.34321287730522,4.625240663537059,11.636778274323259
2026-03-11,25.841068061149976,65.15037857544911,36.98256273781564,5.64228528911877,16.010193251716842
2026-03-12,32.0096913145912,68.16921979558107,31.498679493633897,8.173496550579964,18.16631251810485
2026-03-13,25.727630063641936,60.551720296424,45.396497079559545,1.5723259306312465,17.526654871404062
2026-03-14,33.21860059290356,87.42896419681497,65.23403813683234,8.716258444056155,11.589485913840388
2026-03-15,32.06242227156496,63.532532486704234,40.09267260614742,3.4483230812980477,20.254018149514557
2026-03-16,25.813487806418998,77.2954942654276,63.67162166624587,0.40094593731684564,14.851662820106847
2026-03-17,25.84837714085192,68.22165662061619,78.49560230536352,0.30167513037528804,11.983728005053026
2026-03-18,34.866395785011754,76.6253400754738,34.69503578947092,2.0341175418012742,23.866896701170674
2026-03-19,28.7427079575612,79.54261165055593,63.630105911256315,7.683190946985041,10.498780038941304
2026-03-20,28.706421470668907,84.89225411121605,52.187510965228554,6.149546920103921,13.996071006205606
2026-03-21,33.127995672575025,66.19263815281809,73.40711271887527,7.770369982367988,10.666279306618067
2026-03-22,34.472485773838585,60.32987485975441,38.857489472369295,3.6414791660759405,21.551561659584678
2026-03-23,34.86001063822871,64.10656890206423,64.63129761130823,2.900869559489516,17.183050149261096
2026-03-24,32.533781852589414,87.00055925544315,71.90576448240552,0.7976319211344142,16.24763249290607
2026-03-25,28.762595855309158,86.21670232687546,77.23071097370116,1.9889190766618263,12.344020471584885
2026-03-26,25.83500716698669,77.92239306510925,64.16240141448229,2.8459770860961657,12.808241631719953
2026-03-27,32.77146915927437,78.0155058130096,54.858738200421364,0.46386935801280865,20.042891453142662
2026-03-28,30.58404249735805,79.95110023638766,60.892362010060694,1.246231109903065,17.116563958744432
2026-03-29,29.242220092469765,65.26113835870349,73.44524922393592,4.559318902293804,11.284605079612653
2026-03-30,34.06354385094736,87.4323583777488,58.53048733194149,6.652654534548504,15.003550831446578
2026-03-31,26.111974823061512,72.5631157467622,31.51935298484184,32.027364403170715,0.0
2026-04-01,29.92625104290859,71.49415584748492,76.54743477534889,13.523778022021578,3.834616148767253
2026-04-02,25.11353644767419,75.56753115848512,64.47633755157806,5.144011549014362,10.546291474309992
2026-04-03,29.686606419941263,61.40897900325165,63.82566928886233,2.734406549742989,14.890644112403773
2026-04-04,25.563032756818373,64.98850106268239,40.78375761988586,5.055443978899272,15.580409671312596
2026-04-05,26.18817916268072,82.14100849279112,62.94427351163286,7.700763173715464,9.344624340041417
2026-04-06,26.17526246777105,62.483960037753796,49.69322028270793,0.6297223224301701,17.645209319399804
2026-04-07,31.492103021160638,78.09456328399165,62.561648852074605,2.6373577558486443,16.12383553548648
2026-04-08,32.46044879265423,67.36047329043963,35.32965151539953,9.156732559190154,16.83890804589509
2026-04-09,30.833687650971598,71.6788684212593,62.8922652301518,2.421185851424566,15.901442098315785
2026-04-10,34.62172548474542,68.660812103121,79.97068628853333,4.241668481050225,12.923390699825863
2026-04-11,28.74870579523704,70.67018149394848,32.4106019430278,4.430861412658695,19.347543378886
2026-04-12,27.857120862818608,81.57137715552736,78.85870921106587,1.0196236897517545,12.341119637394726
2026-04-13,33.6859912818946,68.91365146869525,50.345398036143536,2.248930472744652,19.974771655522872
2026-04-14,27.235958385194525,76.99213920890692,73.53767251686295,2.0361680204431747,12.28151027287013
2026-04-15,34.63222539440611,74.28151206597299,69.11927420291367,0.13272977607334807,18.386074035761645
2026-04-16,25.121544746898163,79.91013496087945,58.35081304933339,0.12244595635265158,15.79265299850028
2026-04-17,34.69878826707639,88.10489217974273,66.92246046256633,8.909948060695697,11.836943592468367
2026-04-18,25.431599119505762,81.9771629163075,73.92577806506739,1.5946310321501753,11.654939121019261
2026-04-19,33.91143113698071,66.4482113577227,50.20701608255165,3.649872968592603,18.994413977105943
2026-04-20,30.277011090863,60.93549405183854,46.35165807816193,1.7742799503994653,19.44874996947954
2026-04-21,34.929647961193005,67.86792132899475,63.379669278179236,14.123980180792614,8.489705980326564
2026-04-22,25.737965647353988,77.85233792100765,70.39229709706294,1.5007760910029715,12.589902531462029
2026-04-23,30.538542844013207,61.54277440452751,68.11425673883079,2.807585082092952,14.400352008566085
2026-04-24,34.69302535619099,74.89098741603709,69.89068244293173,10.307232165577965,10.122590457046774
2026-04-25,30.230978441701488,77.90528546750667,51.77916574064665,9.223699354910641,12.380696588792901
2026-04-26,31.293986381352624,70.02731672450882,70.89171080875107,1.0295975634528098,15.64497297816385
2026-04-27,31.957486889846173,83.12736611237466,36.01045276853042,8.113712886243968,17.285682582221824
2026-04-28,29.545410647677734,63.19794759401316,57.22445489804248,3.0641707324122747,15.87647775830055
2026-04-29,31.275580800840636,62.254133452074264,30.287933024906078,3.2982609877689626,21.94159500522393
2026-04-30,30.843143119231,81.8456626861081,46.22929149501351,0.7163502844895132,20.602633033021185
2026-05-01,34.01158010490989,74.86473948618595,48.32307674356989,0.42017821036661684,22.00503213544767
2026-05-02,25.45446380341458,80.65207189283208,49.808634580462765,6.508650507257196,12.55858457980898
2026-05-03,27.8096318959223,73.04482015811239,64.7733603344931,3.43047207298425,13.205766222675129
2026-05-04,34.50411484076559,67.3920609971732,49.42790506351729,2.8710525207056565,20.06963439111481
2026-05-05,33.902637838909165,84.573069530226,52.43468113112653,6.5375680065751895,16.234328287969124
2026-05-06,29.55656752785713,83.98247636906937,41.87720654371637,7.251773494836926,15.60142365931575
2026-05-07,31.20132597801537,80.8408941256328,48.662589581467,0.8652721538019974,20.175927349672683
2026-05-08,27.773811829811326,68.16435411689888,41.363481363157575,4.710930064584235,16.845465590606757
2026-05-09,26.881211597237613,77.70692000607261,33.659796188422185,0.7271759976393737,21.126905762822872
2026-05-10,29.63698404939982,70.8292169082008,60.17242966906889,6.959049439136748,12.216766539576733
2026-05-11,28.533522280260527,62.747462199799024,63.410639927750815,5.349470503079719,12.305056752116325
2026-05-12,30.83656111850872,87.51940726386728,60.97451730048073,15.688163929801622,5.672845955316916
2026-05-13,25.777346369649848,64.10455892756885,53.17470219002862,0.3572545375426614,16.967929116785072
2026-05-14,34.74394807666167,88.50712061462407,48.98928900896149,0.29373513412418734,22.339128129239185
2026-05-15,34.86210744479603,73.38017318873867,73.16668247859127,1.6577314679743202,16.471532052300304
