Tanggal,Kelembapan_Tanah,Suhu,Kelembapan_Udara,Curah_Hujan,Target_Kebutuhan_Air_mm
2024-01-01,20.5,33.34,62.51,402.92,39.21436584913107
2024-01-02,22.7,28.02,58.5,764.95,44.85890043126956
2024-01-03,19.58,31.14,74.3,1474.55,39.51433123521333
2024-01-04,11.85,35.21,73.29,1943.89,78.4098439719652
2024-01-05,56.38,26.3,81.33,1993.46,5.027582553773843
2024-01-06,48.28,21.29,68.28,2242.34,44.30368982767497
2024-01-07,47.24,36.39,72.03,2066.1,5.932653341588576
2024-01-08,45.3,31.1,86.28,2014.3,6.488921895131652
2024-01-09,60.37,26.64,80.47,71.19,5.768730178039164
2024-01-10,31.65,29.15,37.71,973.72,43.39371711870476
2024-01-11,44.58,30.62,85.61,2344.67,6.724513114854576
2024-01-12,41.21,30.03,94.78,876.88,8.751578009346941
2024-01-13,57.61,16.79,92.29,1156.59,7.508667632798649
2024-01-14,34.89,17.12,54.78,633.6,35.61121448955003
2024-01-15,61.19,30.17,92.7,405.08,37.990605704599076
2024-01-16,9.6,20.66,45.12,252.73,77.06231577813338
2024-01-17,30.4,39.87,61.75,1675.42,8.165029256300297
2024-01-18,14.79,35.62,62.5,1216.18,11.627189353484331
2024-01-19,54.03,16.7,66.33,738.24,9.468959970234451
2024-01-20,34.55,28.9,40.2,4.88,10.603270129043002
2024-01-21,11.29,41.82,78.36,117.09,79.14417439917261
2024-01-22,18.63,14.07,83.45,412.84,44.76028994639783
2024-01-23,39.95,38.02,83.25,2274.93,12.716523413306104
2024-01-24,20.35,39.64,73.41,293.45,77.76015939869126
2024-01-25,42.03,31.77,64.85,2422.47,39.54184361857907
2024-01-26,23.58,25.67,80.3,1072.78,41.37148533916636
2024-01-27,23.6,21.88,73.77,791.84,7.73269412419414
2024-01-28,63.95,35.45,52.1,2293.1,5.083565281959555
2024-01-29,48.56,26.25,40.5,558.94,6.705056111095876
2024-01-30,20.03,28.15,54.89,2442.81,13.21567297576509
2024-01-31,22.11,30.59,70.95,464.87,43.836187243900554
2024-02-01,42.23,21.19,73.77,320.05,12.003593615371226
2024-02-02,36.11,17.81,29.12,666.94,13.381035241350194
2024-02-03,14.71,24.66,82.24,1794.78,8.1102656825143
2024-02-04,37.12,35.26,67.34,820.46,41.9979447838054
2024-02-05,20.2,15.86,61.21,1493.8,35.78996496513677
2024-02-06,24.18,18.87,45.85,2247.0,9.266360055336204
2024-02-07,60.03,19.38,29.7,2220.35,38.339781459463204
2024-02-08,19.53,34.63,38.72,1061.89,6.41811722417688
2024-02-09,38.95,31.18,37.13,1652.99,37.46983992003311
2024-02-10,44.3,18.2,60.78,588.45,8.627970102737448
2024-02-11,18.94,13.78,34.13,1202.36,37.83188593037443
2024-02-12,59.76,14.82,78.69,2440.3,6.834845777755872
2024-02-13,11.31,30.2,91.23,106.45,78.60496165409094
2024-02-14,64.59,28.84,42.0,1986.5,9.45267922667388
2024-02-15,62.67,30.13,68.9,977.28,38.80168387882874
2024-02-16,55.31,34.21,44.44,2149.75,9.638406338408364
2024-02-17,58.88,16.24,34.24,1094.66,13.14521380025252
2024-02-18,18.65,36.97,33.09,722.83,76.4002622944221
2024-02-19,34.43,22.77,72.9,832.17,8.711868851325576
2024-02-20,60.65,29.45,74.15,162.57,40.48815137339579
2024-02-21,52.63,26.07,35.85,1140.87,10.848532303497986
2024-02-22,44.58,14.03,70.39,1803.04,44.97313778048902
2024-02-23,56.34,27.71,65.76,352.94,9.778012471160931
2024-02-24,60.46,18.52,74.49,1355.99,13.12909716291513
2024-02-25,52.78,38.96,85.22,846.36,10.421353673624854
2024-02-26,64.4,21.74,79.98,255.91,39.519519091206355
2024-02-27,12.34,22.74,49.34,652.4,9.880463456013095
2024-02-28,11.86,15.99,92.32,242.04,41.15739143698181
2024-02-29,47.83,15.83,60.42,1238.54,42.715147583271005
2024-03-01,21.29,33.81,54.78,226.24,38.45788722389938
2024-03-02,50.53,22.94,42.76,1336.59,8.424653140253096
2024-03-03,39.54,29.49,80.7,1701.6,13.107863041697259
2024-03-04,35.82,39.94,34.97,1284.83,42.81538124464975
2024-03-05,11.29,16.83,90.83,1018.38,43.37584405884165
2024-03-06,47.85,41.51,30.88,1199.42,5.6811754490418895
2024-03-07,34.77,22.38,35.91,217.84,39.31130664815503
2024-03-08,30.44,18.08,66.6,1580.55,13.567167744429481
2024-03-09,49.03,27.73,82.86,1919.18,11.132053050499827
2024-03-10,60.34,38.41,58.21,768.53,14.48119359385913
2024-03-11,30.89,24.42,86.07,1033.0,11.174232608854123
2024-03-12,46.72,36.88,47.93,2128.64,6.228614392062129
2024-03-13,10.31,25.25,44.5,2013.75,38.511071377677666
2024-03-14,45.4,16.88,87.52,1888.2,42.146219932141356
2024-03-15,55.31,32.0,92.92,1830.48,43.37798293562683
2024-03-16,26.37,35.83,72.49,1792.33,14.74165982965973
2024-03-17,24.6,35.73,40.6,540.79,37.42358007637548
2024-03-18,38.18,30.61,34.89,2378.6,38.45764882091097
2024-03-19,47.44,37.14,75.95,139.07,37.87632702918326
2024-03-20,30.83,28.8,52.57,945.51,7.231387954630588
2024-03-21,35.52,24.54,66.32,1989.28,44.43774431458564
2024-03-22,47.13,41.15,67.32,1996.15,12.87069815423897
2024-03-23,40.22,16.67,61.68,1962.96,5.648299997618046
2024-03-24,57.28,13.86,94.75,95.0,37.50898957636548
2024-03-25,49.31,26.21,38.36,227.76,14.888654069457441
2024-03-26,9.31,13.82,77.64,1065.22,14.881351318256339
2024-03-27,57.15,40.83,70.25,2232.82,8.317591044727294
2024-03-28,32.97,31.72,84.84,1941.87,14.96613041661371
2024-03-29,28.46,12.66,37.63,1290.39,40.60764634409189
2024-03-30,64.35,17.03,91.41,1351.64,9.564758584712841
2024-03-31,57.39,24.53,46.25,1476.46,7.006552022575566
2024-04-01,9.24,27.91,88.08,1655.19,37.11521932668845
2024-04-02,46.73,21.5,68.91,2017.12,8.345643802836735
2024-04-03,59.2,18.17,69.74,1138.29,7.986776452277592
2024-04-04,49.95,28.4,36.25,1639.17,5.665422723457191
2024-04-05,34.44,12.31,86.07,2076.86,12.021752701722699
2024-04-06,38.06,23.66,46.71,358.97,9.196744085699292
2024-04-07,38.48,21.47,30.08,1547.16,5.726327752452
2024-04-08,21.89,40.8,30.74,1934.07,43.358356089599575
2024-04-09,16.79,37.71,86.05,1911.35,41.31145196470162
2024-04-10,45.63,15.8,74.91,1589.75,13.897420212361475
2024-04-11,19.76,28.16,80.78,345.9,11.770762706953567
2024-04-12,45.44,34.31,31.13,179.71,9.547106808893744
2024-04-13,42.78,33.0,33.58,1895.3,9.261735826348385
2024-04-14,14.51,20.55,58.46,2110.08,42.223654850639036
2024-04-15,24.59,33.94,82.51,1939.83,6.436882361358424
2024-04-16,15.38,30.78,33.28,842.09,36.176655363128795
2024-04-17,27.45,34.45,92.25,1531.15,10.772412752571162
2024-04-18,41.87,22.89,86.55,1492.91,43.20347456535934
2024-04-19,53.67,19.92,85.81,1443.54,10.447323030064664
2024-04-20,49.93,31.81,43.05,869.73,11.869571743138607
2024-04-21,48.05,29.43,42.99,1414.95,13.391696721759917
2024-04-22,14.18,20.92,82.98,1852.23,41.558807943886
2024-04-23,63.72,33.17,41.05,937.31,6.279994019631713
2024-04-24,34.25,32.52,61.56,2223.23,10.225405439348078
2024-04-25,59.15,27.07,26.44,1205.94,14.204558598837666
2024-04-26,22.36,32.69,50.96,685.9,42.86032965702559
2024-04-27,25.16,17.7,58.2,1994.91,12.505262938199756
2024-04-28,9.84,36.06,89.62,1547.11,38.47371987417095
2024-04-29,51.4,33.91,34.03,321.49,6.480482492155425
2024-04-30,14.72,16.06,42.66,2222.23,38.24037215356891
2024-05-01,25.02,18.27,29.11,1085.93,11.401398997440896
2024-05-02,14.8,16.45,32.72,713.35,40.30394192613494
2024-05-03,31.32,28.06,43.92,2496.24,41.85380585276515
2024-05-04,28.62,32.96,88.63,2476.41,9.804135286435944
2024-05-05,29.44,12.99,71.26,1049.29,13.77017458341957
2024-05-06,50.81,21.7,39.86,2098.74,6.391839975760915
2024-05-07,34.04,24.63,36.78,506.75,12.012347030425722
2024-05-08,29.9,23.08,54.89,1743.44,13.38893394838094
2024-05-09,43.1,28.96,25.71,1606.34,6.773725177391759
2024-05-10,39.39,31.23,75.56,2042.37,43.25170301016688
2024-05-11,13.51,29.95,32.89,941.64,8.633723775003343
2024-05-12,20.91,19.36,85.25,2204.14,44.76301269993506
2024-05-13,44.82,13.11,51.74,1782.87,12.633484937251122
2024-05-14,22.28,18.08,45.41,1601.72,36.58489520779699
2024-05-15,32.79,39.01,39.88,1546.45,9.27380683165157
2024-05-16,48.64,23.25,50.44,531.95,11.503213266197323
2024-05-17,18.96,37.53,52.95,1850.23,37.30467481563566
2024-05-18,11.91,39.97,68.75,100.39,83.07861269641558
2024-05-19,53.18,19.2,45.84,1895.34,10.80453794702444
2024-05-20,12.77,32.73,51.0,999.17,42.363656690324234
2024-05-21,39.96,32.53,69.4,274.07,41.57350871389417
2024-05-22,15.28,40.44,52.73,1880.22,37.851369487788915
2024-05-23,10.59,18.21,86.42,2167.13,14.0391790575697
2024-05-24,33.32,31.0,34.89,167.54,43.28217840803016
2024-05-25,18.08,34.93,92.49,2000.27,36.28619759117368
2024-05-26,21.15,37.09,36.17,2458.27,40.96283299044754
2024-05-27,56.5,14.43,28.9,1812.82,12.896149266150665
2024-05-28,34.13,25.88,42.16,2.4,39.57522773770884
2024-05-29,36.19,34.56,82.44,1677.36,38.04456721756763
2024-05-30,64.16,22.49,61.57,48.69,9.042470672440103
2024-05-31,17.57,28.96,59.3,1795.89,10.55949338507876
2024-06-01,41.51,16.68,78.96,357.97,5.076282020453814
2024-06-02,23.78,34.61,31.58,528.16,37.19205072209577
2024-06-03,21.27,31.31,91.22,791.82,44.17273095061833
2024-06-04,15.45,37.65,58.61,2228.77,35.600836134323096
2024-06-05,13.97,16.96,85.45,1663.95,42.872398590370466
2024-06-06,58.73,31.08,71.99,1693.67,6.293141424586931
2024-06-07,26.78,35.36,47.15,848.26,44.9678170434404
2024-06-08,41.59,40.36,92.96,1896.49,37.18111111336326
2024-06-09,62.05,36.97,27.76,1727.46,37.8600209578009
2024-06-10,55.59,31.32,54.07,135.91,76.9417722692767
2024-06-11,57.6,16.95,46.42,1902.14,40.037621095016725
2024-06-12,42.69,27.34,62.21,2238.43,13.054216237246987
2024-06-13,62.99,30.51,79.82,2403.53,13.203874992191793
2024-06-14,8.43,33.55,94.04,852.35,42.60819633509042
2024-06-15,8.02,24.94,93.93,123.87,36.77231846709447
2024-06-16,37.76,15.44,31.09,1754.01,41.974533344383126
2024-06-17,27.1,34.35,71.83,908.35,35.72248526425264
2024-06-18,64.43,14.39,32.78,856.88,12.369766666756114
2024-06-19,14.3,28.91,49.64,1080.46,36.41560386447759
2024-06-20,36.8,14.38,81.32,961.34,9.964234508618006
2024-06-21,50.77,40.98,59.63,927.11,6.232917231390931
2024-06-22,41.31,27.25,65.29,155.29,37.99554266526044
2024-06-23,30.26,16.52,53.42,1106.76,11.939051007522853
2024-06-24,37.96,41.95,83.13,919.72,37.59216920582249
2024-06-25,51.18,18.08,39.37,1880.62,37.38889714626796
2024-06-26,28.67,29.85,71.48,1382.38,5.947846430681883
2024-06-27,15.28,30.03,32.5,502.29,41.845701864960006
2024-06-28,24.05,32.14,70.29,1241.66,8.303852326529398
2024-06-29,13.3,30.42,50.94,1119.62,5.692043789745213
2024-06-30,11.6,13.93,88.76,2164.14,35.923585018302276
2024-07-01,57.93,35.22,47.2,980.44,10.236999370754393
2024-07-02,64.47,31.53,68.51,2126.78,5.227858619896395
2024-07-03,24.04,25.16,91.86,1133.22,13.36176909314249
2024-07-04,41.93,25.98,69.1,380.61,40.47386933964787
2024-07-05,63.85,26.52,81.91,1104.52,11.193277548424488
2024-07-06,36.14,25.95,50.62,1820.56,7.175621333697321
2024-07-07,56.61,16.34,93.85,1895.29,42.15126996089917
2024-07-08,10.65,18.78,94.18,1834.66,14.557946707621886
2024-07-09,58.38,12.94,93.67,2111.08,13.661026859575875
2024-07-10,61.41,35.42,85.54,1695.07,12.84931408062206
2024-07-11,21.46,39.72,73.25,833.83,12.612816055709827
2024-07-12,58.66,12.99,62.42,1904.47,12.972481565060406
2024-07-13,59.79,34.86,79.44,1711.8,14.24565737640148
2024-07-14,19.73,14.51,66.19,38.57,44.29879595463354
2024-07-15,13.93,24.55,50.63,2343.79,5.291285937737977
2024-07-16,19.28,41.18,74.09,1356.85,43.95873554494989
2024-07-17,32.01,29.33,48.94,1352.33,11.901564172291652
2024-07-18,56.53,23.43,81.22,319.25,14.202944932190839
2024-07-19,64.85,35.88,88.27,312.69,9.003935699318395
2024-07-20,24.08,41.68,28.63,2175.18,14.818529371257751
2024-07-21,46.97,37.36,82.68,1800.42,5.209919926113056
2024-07-22,44.8,25.38,66.22,1208.85,5.969446734233252
2024-07-23,10.61,22.46,71.73,2263.06,14.941778061791428
2024-07-24,64.73,25.26,86.66,2268.85,11.824287578721147
2024-07-25,47.29,12.25,39.82,822.35,5.556105728263994
2024-07-26,36.37,20.48,43.79,55.53,36.83315347760562
2024-07-27,26.58,17.53,68.65,796.95,12.147942644926276
2024-07-28,10.61,33.54,28.25,2043.36,35.09969696289175
2024-07-29,12.76,23.05,42.39,2259.51,13.839120806538672
2024-07-30,49.01,38.4,91.22,2049.64,6.59858485514805
2024-07-31,23.98,29.16,60.26,1802.52,41.874730185137615
2024-08-01,14.2,24.47,69.43,1454.63,43.57879291866144
2024-08-02,10.62,31.14,83.01,218.67,84.1251576660885
2024-08-03,12.98,18.47,64.31,1922.04,42.45018963118416
2024-08-04,52.59,30.02,61.19,1477.32,14.926950012083484
2024-08-05,46.87,18.35,79.48,1092.68,14.2992000424275
2024-08-06,17.78,23.06,86.92,820.44,36.79204628748931
2024-08-07,44.19,30.86,83.45,1936.38,14.81749039043778
2024-08-08,53.12,13.02,58.85,1584.61,12.353174949912086
2024-08-09,43.97,24.75,75.38,2159.13,13.257446523607484
2024-08-10,16.51,28.6,29.73,394.65,10.008635809414486
2024-08-11,19.04,30.6,81.93,307.9,40.20445444075315
2024-08-12,41.89,27.73,33.94,850.45,11.132350260632096
2024-08-13,58.38,15.45,88.13,823.65,9.363220262090334
2024-08-14,52.08,36.52,67.6,1783.67,14.97979986545073
2024-08-15,21.37,28.99,58.53,888.99,12.068146910578147
2024-08-16,50.55,18.89,89.63,1697.66,13.220870067355435
2024-08-17,44.87,40.18,28.1,1942.27,7.128409167441942
2024-08-18,63.31,24.96,50.37,422.9,5.637372964952566
2024-08-19,8.08,26.32,76.56,2367.78,14.747173749824533
2024-08-20,19.51,40.23,83.91,1896.19,38.846381408758305
2024-08-21,12.17,32.48,31.75,83.15,84.52867304734693
2024-08-22,10.32,22.19,61.3,1041.33,8.879902224567989
2024-08-23,25.63,35.56,48.1,611.1,13.398609925676803
2024-08-24,35.5,31.35,91.97,2017.53,39.293976750686284
2024-08-25,10.59,33.84,49.67,1199.73,41.91939240085682
2024-08-26,41.17,27.07,66.98,319.9,11.403909188415588
2024-08-27,33.87,25.88,77.41,2368.01,13.912878965605946
2024-08-28,36.29,16.24,45.79,986.92,5.809735934531295
2024-08-29,63.12,30.48,60.28,285.15,43.77395729204045
2024-08-30,42.85,26.33,29.99,366.18,5.616079432017958
2024-08-31,27.66,40.86,85.95,2402.61,43.65551481040343
2024-09-01,48.78,12.19,91.77,462.21,12.547410687729737
2024-09-02,22.82,35.88,27.22,719.18,44.941308907601204
2024-09-03,45.69,25.23,70.15,1609.7,44.808349688605546
2024-09-04,61.45,28.91,89.11,1715.04,5.407991922949007
2024-09-05,64.35,24.63,89.87,1632.72,8.129554778737736
2024-09-06,55.76,22.4,88.3,698.37,10.677014931665205
2024-09-07,47.75,40.23,55.23,176.72,9.443922733792899
2024-09-08,11.9,32.61,81.78,654.1,6.18875289436458
2024-09-09,40.34,29.98,30.99,1096.97,10.6573182258975
2024-09-10,12.69,13.03,85.79,2165.24,11.713772375566379
2024-09-11,29.23,25.28,91.27,1999.1,8.278868263552358
2024-09-12,32.61,29.24,59.52,37.61,39.691701366599084
2024-09-13,13.53,21.92,65.34,798.04,40.517427390561636
2024-09-14,58.53,35.76,47.61,1945.6,37.504015713203465
2024-09-15,42.89,20.63,76.2,745.49,10.80079947838668
2024-09-16,32.35,15.64,47.18,344.06,9.47957204745789
2024-09-17,26.03,13.53,44.48,2345.26,12.205987603774904
2024-09-18,45.71,39.71,94.7,91.08,81.88197576738452
2024-09-19,37.45,36.3,26.29,1727.13,41.49738899871019
2024-09-20,29.83,39.62,81.11,160.63,9.10132566900534
2024-09-21,54.49,40.2,55.09,334.68,5.876138223364191
2024-09-22,59.06,18.87,51.96,1460.81,5.400321286878894
2024-09-23,56.48,25.03,34.71,321.44,35.27888617094237
2024-09-24,56.37,18.48,89.11,145.78,37.46937673064583
2024-09-25,10.47,35.11,78.71,460.7,38.75624510567796
2024-09-26,43.74,30.3,45.36,1231.82,38.567068622882
2024-09-27,20.26,30.86,66.13,1917.65,14.910167766476865
2024-09-28,19.47,26.41,27.94,2170.06,38.02799943024472
2024-09-29,37.82,35.72,30.63,1393.64,8.065977581894845
2024-09-30,21.23,20.64,66.38,415.01,8.19655840858508
2024-10-01,62.18,17.09,73.63,1399.17,36.72402355655507
2024-10-02,32.12,37.8,43.12,2023.64,43.34446306454211
2024-10-03,49.8,39.24,45.9,125.59,44.84992059130237
2024-10-04,23.48,12.05,89.95,1988.12,35.044977409425464
2024-10-05,27.86,36.52,60.7,1575.35,9.602572478769208
2024-10-06,54.89,20.99,71.85,1715.14,9.617592863606486
2024-10-07,44.96,30.45,76.56,2490.57,43.123976614233314
2024-10-08,28.44,22.01,53.4,182.33,44.408893371794846
2024-10-09,9.74,14.41,33.91,813.19,40.46590881656302
2024-10-10,61.64,33.36,92.21,1161.87,35.71652060487292
2024-10-11,9.41,36.16,67.27,1733.77,83.15906241572048
2024-10-12,44.67,27.98,83.19,833.62,6.31199892895017
2024-10-13,48.95,40.28,84.7,1889.75,12.421861200917064
2024-10-14,27.87,40.34,79.2,839.33,44.96479484165313
2024-10-15,25.71,16.42,52.78,1406.69,10.000493932500301
2024-10-16,9.65,14.43,38.28,2483.74,36.032745364605006
2024-10-17,30.52,32.92,75.19,181.33,7.8098224996876064
2024-10-18,61.04,27.62,25.53,2186.25,14.247142797577965
2024-10-19,45.84,31.34,41.73,1554.16,8.430552145200696
2024-10-20,35.45,36.87,60.65,1975.46,36.78690596806457
2024-10-21,26.72,26.08,88.02,1994.09,5.99556294270179
2024-10-22,59.82,32.16,73.46,369.09,43.30721261812137
2024-10-23,59.26,35.09,62.92,504.28,8.939195641446217
2024-10-24,36.83,29.52,72.85,1651.68,5.922562496648677
2024-10-25,20.28,15.1,42.55,1665.62,36.51402540198572
2024-10-26,32.82,40.29,76.91,208.22,43.46248261796382
2024-10-27,59.42,35.73,87.07,2142.59,36.6553637960408
2024-10-28,12.03,18.11,58.14,1778.36,44.627284028273735
2024-10-29,11.55,27.48,64.98,2117.48,44.73716831261846
2024-10-30,9.79,38.79,80.92,1139.26,37.56098505684233
2024-10-31,59.66,26.3,90.09,705.3,12.815349654302691
2024-11-01,56.48,18.26,46.55,1232.9,7.390147489180352
2024-11-02,62.42,27.58,76.81,1366.08,9.087559240344113
2024-11-03,48.26,25.15,82.56,866.96,7.286061192520885
2024-11-04,47.19,20.78,94.54,271.02,14.432347455606887
2024-11-05,24.93,36.4,38.1,2483.32,36.688856144426815
2024-11-06,56.62,22.89,68.25,678.35,8.165038137998742
2024-11-07,22.49,23.91,92.71,296.56,76.02575208731128
2024-11-08,41.69,35.72,84.18,1137.17,8.264979218272856
2024-11-09,38.75,31.96,83.24,509.8,12.949082058006622
2024-11-10,8.44,22.46,86.94,1946.77,41.764413587476845
2024-11-11,33.6,38.62,32.93,1873.92,13.275224839549832
2024-11-12,63.09,22.88,91.08,2284.25,10.139598730463707
2024-11-13,28.69,26.06,92.65,2246.4,36.48668158863216
2024-11-14,11.55,37.83,25.24,1367.83,80.3707826639401
2024-11-15,62.31,21.48,27.68,1637.76,10.508169560342585
2024-11-16,53.34,20.37,50.03,1700.72,11.539091149975459
2024-11-17,43.44,27.24,29.24,267.68,8.906666818782721
2024-11-18,17.34,35.51,29.9,173.27,79.50372629276218
2024-11-19,10.29,15.44,86.41,1849.99,39.57182198278937
2024-11-20,35.31,27.42,47.89,1257.35,39.757352798208885
2024-11-21,57.61,34.69,54.66,301.95,5.950146736723124
2024-11-22,27.89,17.97,78.63,1207.07,10.583195723003122
2024-11-23,63.42,34.83,85.45,1568.88,14.895404100946228
2024-11-24,63.76,25.8,92.76,2195.4,6.5524530521002085
2024-11-25,42.65,16.63,83.39,266.45,44.743076412822035
2024-11-26,47.07,34.84,26.92,2197.58,13.014891733302242
2024-11-27,21.92,26.34,34.94,2175.99,6.582832801767885
2024-11-28,8.43,16.3,54.64,900.91,37.32153266540998
2024-11-29,58.73,17.78,66.34,995.13,5.366716014089954
2024-11-30,48.1,33.45,57.94,379.62,42.78614748464604
2024-12-01,32.99,31.39,57.69,1960.49,43.37275676803741
2024-12-02,53.43,12.15,68.97,2373.76,13.64421530837497
2024-12-03,24.27,13.01,86.23,731.34,7.243218339013506
2024-12-04,52.99,26.6,37.37,1348.72,10.269128000852103
2024-12-05,56.66,20.55,57.65,2190.44,14.529433899888575
2024-12-06,45.7,35.22,71.55,2200.57,11.476284517845032
2024-12-07,37.43,16.48,49.67,1534.84,37.212702924771435
2024-12-08,56.34,22.78,82.75,1226.76,10.19585584823281
2024-12-09,16.04,30.66,56.49,677.29,36.99229200434132
2024-12-10,12.83,39.12,31.27,1297.76,13.519284055449475
2024-12-11,40.53,19.07,94.16,1527.3,10.680477356417878
2024-12-12,15.81,35.7,79.84,2446.42,41.22998347183249
2024-12-13,12.82,22.5,73.97,1778.9,38.826135188460434
2024-12-14,39.13,31.48,54.56,718.92,12.0388333737402
2024-12-15,62.6,28.06,41.96,1694.28,7.935875272190898
2024-12-16,26.33,15.8,43.06,951.02,36.46683545804327
2024-12-17,16.17,22.21,61.4,1631.84,41.21759782222458
2024-12-18,29.32,41.47,91.12,531.33,7.554519199943421
2024-12-19,52.48,14.91,45.81,779.25,5.300407243267344
2024-12-20,62.85,29.03,49.3,325.96,7.677850267185661
2024-12-21,50.92,33.24,61.88,2175.54,44.55835577762032
2024-12-22,49.64,30.28,42.68,1118.92,11.823715295634985
2024-12-23,43.95,26.01,88.0,1517.68,11.660924587464667
2024-12-24,45.11,36.56,64.91,1414.29,37.360338929785144
2024-12-25,20.61,21.97,60.21,1226.42,13.076367842125308
2024-12-26,16.4,15.01,43.93,2274.92,35.972267952279836
2024-12-27,62.27,39.25,77.34,1584.9,10.546268531830789
2024-12-28,49.1,32.35,84.5,523.18,9.116187486822618
2024-12-29,44.27,25.98,59.66,1904.72,10.177995591536765
2024-12-30,33.98,34.18,55.81,774.37,41.959192844027626
2024-12-31,52.83,32.61,72.03,1616.46,38.28270678294388
2025-01-01,55.4,36.13,81.63,1076.04,37.9616911534868
2025-01-02,43.06,21.11,89.96,2094.96,7.133142569992702
2025-01-03,20.67,15.05,91.23,185.54,82.11387000438617
2025-01-04,34.06,34.69,36.08,1420.15,35.97448393397354
2025-01-05,38.38,13.22,50.02,1439.42,8.999628531116212
2025-01-06,13.58,21.39,93.42,1242.89,14.741944652689755
2025-01-07,40.3,17.65,34.91,1361.81,9.910929716897844
2025-01-08,49.27,16.66,73.28,320.63,5.216293113141389
2025-01-09,31.86,12.43,81.7,181.79,41.87013264598214
2025-01-10,37.86,22.98,44.01,1622.58,11.720447592887222
2025-01-11,55.45,36.19,61.43,1034.37,11.725194926831044
2025-01-12,16.2,29.75,70.5,1282.11,8.088218739874094
2025-01-13,38.63,35.28,45.08,21.17,38.363377247887485
2025-01-14,41.99,24.83,69.83,1072.85,13.989688963522628
2025-01-15,12.5,12.35,61.72,2311.38,5.1924725746855716
2025-01-16,20.85,27.96,60.08,524.21,38.69558543814116
2025-01-17,63.03,41.7,58.12,965.14,35.294747161710276
2025-01-18,32.32,14.81,58.76,1346.65,14.347929679071836
2025-01-19,18.1,14.51,85.52,2422.7,9.37408455260083
2025-01-20,24.66,12.58,47.0,2157.97,44.5872183851116
2025-01-21,32.18,26.63,75.38,141.95,9.9278387252285
2025-01-22,56.81,32.12,29.87,941.82,13.090923753233364
2025-01-23,28.66,41.02,64.54,301.6,14.00199668322258
2025-01-24,31.29,39.44,33.18,581.01,37.31811320216156
2025-01-25,20.63,39.73,57.85,1992.92,44.45496211349869
2025-01-26,43.56,38.78,67.51,646.12,10.15861978275749
2025-01-27,48.97,20.64,74.46,2279.86,11.862615893934949
2025-01-28,39.19,37.59,33.01,2228.82,8.76965780325926
2025-01-29,54.16,40.87,79.12,2076.68,12.432272250930907
2025-01-30,11.54,32.45,40.47,292.19,36.229019711467146
2025-01-31,17.66,38.03,73.85,1171.16,44.052035389549246
2025-02-01,24.1,28.53,35.13,1494.12,7.507898863521395
2025-02-02,36.84,12.78,56.59,355.79,13.534115080159589
2025-02-03,49.34,16.67,41.57,860.53,12.772963602484324
2025-02-04,17.69,23.41,75.33,1414.8,43.622153247857725
2025-02-05,59.59,33.77,58.04,1368.07,12.086786894034853
2025-02-06,64.41,15.71,53.7,2116.5,6.091743093163764
2025-02-07,44.14,39.53,60.55,686.83,36.932648671664985
2025-02-08,14.53,40.7,60.66,518.72,44.23136803345632
2025-02-09,30.41,22.1,91.76,1990.7,13.616812579847387
2025-02-10,20.88,26.09,35.06,1534.97,12.919765720083326
2025-02-11,63.1,14.91,74.02,2462.49,13.319232813171858
2025-02-12,20.4,20.05,27.42,844.17,43.07199359360607
2025-02-13,8.41,14.74,57.7,171.28,77.94386250673492
2025-02-14,46.86,18.24,32.52,1362.21,9.362748704728725
2025-02-15,28.47,31.43,61.39,1188.2,39.90932543661806
2025-02-16,49.11,34.8,36.76,965.67,6.578415876942321
2025-02-17,21.4,31.34,82.88,1137.5,14.743131802012751
2025-02-18,60.55,23.83,52.08,777.28,10.734388969948377
2025-02-19,63.62,28.07,70.28,2383.12,36.47998969235163
2025-02-20,29.16,41.66,38.5,459.0,37.110551438509766
2025-02-21,9.29,34.42,60.15,28.5,77.6807740257724
2025-02-22,12.65,40.03,48.23,372.41,5.2249124663734055
2025-02-23,35.45,14.68,38.78,126.16,9.182558709742322
2025-02-24,47.54,30.69,81.54,1132.31,43.209850140411135
2025-02-25,59.1,28.59,91.58,2035.99,8.705758283430715
2025-02-26,14.12,13.38,41.79,2066.13,37.89005846912531
2025-02-27,11.84,37.36,56.94,1915.4,12.851320712963584
2025-02-28,32.05,19.33,80.17,2200.54,8.030723048184797
2025-03-01,64.17,20.38,50.39,607.12,10.414546661280584
2025-03-02,35.33,15.02,79.82,1098.16,13.027880869295473
2025-03-03,61.26,12.76,59.81,1844.0,13.80790125265905
2025-03-04,23.62,29.71,27.21,972.4,5.6331474100138035
2025-03-05,30.85,38.83,81.75,1486.09,12.251007945045895
2025-03-06,38.84,25.1,65.44,2418.36,12.93962746784155
2025-03-07,61.16,19.22,61.17,481.89,12.035173152446411
2025-03-08,61.05,14.35,28.45,193.99,40.08322628428668
2025-03-09,15.89,34.96,90.64,307.46,9.361386270244962
2025-03-10,40.04,32.8,69.67,547.78,13.778877376326404
2025-03-11,56.85,13.39,42.81,256.97,14.958658972656195
2025-03-12,31.46,21.75,47.17,752.38,13.507372674099015
2025-03-13,14.15,41.88,45.25,932.87,9.721462060539722
2025-03-14,47.37,37.94,72.53,98.89,78.30904965643894
2025-03-15,52.51,16.75,35.18,113.17,37.788066581414085
2025-03-16,41.13,34.84,58.06,1470.61,6.3056932838395285
2025-03-17,34.17,29.21,60.29,186.32,37.37100595470311
2025-03-18,52.6,40.2,32.09,66.53,35.882436542141605
2025-03-19,36.9,14.72,81.78,1124.05,10.519735788954772
2025-03-20,30.32,22.47,73.24,1343.85,9.202090579932651
2025-03-21,35.08,30.7,69.19,1930.16,8.779154000567196
2025-03-22,33.33,28.15,48.25,262.35,14.142131073512598
2025-03-23,48.76,22.13,60.06,509.53,10.134707190983168
2025-03-24,29.06,13.37,57.46,1053.88,7.814749927424961
2025-03-25,32.12,37.51,52.06,1505.38,8.169744076568165
2025-03-26,62.19,27.55,89.37,256.62,44.84459081366131
2025-03-27,62.1,22.91,75.3,790.81,42.07346895085042
2025-03-28,8.93,23.06,51.6,1587.67,37.92825313175015
2025-03-29,35.85,31.01,86.18,1010.65,12.093896503379813
2025-03-30,54.89,17.25,30.85,2313.15,13.059004498580375
2025-03-31,23.89,34.89,55.99,1888.41,39.22199809601433
2025-04-01,37.79,17.7,92.05,958.21,9.541244502085537
2025-04-02,62.62,15.16,45.39,2019.22,14.793331653818896
2025-04-03,55.6,21.02,71.34,1474.23,6.154237382308477
2025-04-04,64.45,34.51,31.97,822.23,8.99269167085254
2025-04-05,37.32,28.59,79.4,2176.57,9.384626716752354
2025-04-06,46.9,34.67,68.89,2167.7,8.121313745168194
2025-04-07,12.87,20.68,65.16,638.67,39.63725720243751
2025-04-08,24.0,36.42,51.55,1732.31,38.51489550439109
2025-04-09,63.24,32.16,81.17,1566.29,37.17514459463756
2025-04-10,24.07,38.75,77.81,829.96,44.27989810917406
2025-04-11,53.41,25.54,60.57,950.32,7.276475102753933
2025-04-12,44.58,36.59,68.54,29.58,11.814545971641905
2025-04-13,14.39,36.36,30.98,2030.42,36.891315526691606
2025-04-14,49.94,39.23,37.87,2154.55,5.224973141345812
2025-04-15,49.87,18.37,34.97,871.34,6.706628944235825
2025-04-16,57.3,24.92,66.62,1903.52,7.654378103720891
2025-04-17,42.71,40.64,89.5,855.15,8.447665735870896
2025-04-18,25.5,39.21,86.72,1980.94,44.20241919938678
2025-04-19,45.51,38.16,37.04,694.43,36.15332569817124
2025-04-20,32.66,16.08,59.57,430.0,8.06627817039081
2025-04-21,31.42,27.28,33.29,1210.23,12.599044685949101
2025-04-22,9.32,22.72,30.79,380.98,36.31659759358524
2025-04-23,24.75,27.54,43.69,1345.67,11.830713962769074
2025-04-24,17.73,27.75,86.97,1249.98,10.025913136027775
2025-04-25,63.4,38.57,75.19,536.79,10.81475089765044
2025-04-26,28.2,25.17,87.31,2121.01,39.78630372820134
2025-04-27,50.34,37.27,79.47,1574.51,44.474539604690975
2025-04-28,32.46,41.63,76.2,1383.87,9.81279291685404
2025-04-29,21.45,17.87,35.78,2012.97,35.725931438057295
2025-04-30,23.82,13.42,61.64,182.26,44.805729459162706
2025-05-01,59.85,20.51,75.56,1088.07,8.733413429876734
2025-05-02,48.3,29.56,56.06,961.1,8.536318854637972
2025-05-03,15.02,15.95,55.83,463.1,9.795933314706067
2025-05-04,32.55,34.64,44.25,1488.05,5.8139050439218956
2025-05-05,48.77,26.39,54.48,227.19,9.489483310187996
2025-05-06,57.07,41.99,48.43,2159.66,6.62657439030496
2025-05-07,39.44,24.21,73.68,1426.64,14.341794581946594
2025-05-08,61.73,23.71,26.54,2145.73,5.168805555853682
2025-05-09,53.16,12.13,86.82,1752.32,10.63469945349302
2025-05-10,40.98,24.84,70.51,1787.67,10.797354080474646
2025-05-11,45.33,36.51,29.11,771.13,8.331883575883808
2025-05-12,47.57,27.25,88.36,1612.99,12.233007212830955
2025-05-13,13.98,31.88,44.18,2393.48,44.808154290342834
2025-05-14,23.35,31.76,54.02,1514.38,11.561329966204003
2025-05-15,30.54,13.86,68.67,175.2,6.821926016194968
2025-05-16,44.73,26.61,64.87,1820.91,9.440286610913695
2025-05-17,31.2,36.28,27.28,85.68,41.71095075711699
2025-05-18,32.4,25.9,54.84,33.55,12.957466770058254
2025-05-19,28.99,30.32,61.52,879.59,13.640947249795019
2025-05-20,58.44,19.92,73.1,115.82,35.002781283603596
2025-05-21,61.48,29.67,45.91,334.61,13.071495670076398
2025-05-22,53.42,29.82,81.87,2484.05,8.692615320996858
2025-05-23,38.73,40.77,70.25,2354.56,12.56613735290244
2025-05-24,19.32,18.2,87.28,2047.62,10.787150385146937
2025-05-25,35.32,34.35,31.62,1789.47,42.44940365221585
2025-05-26,9.88,29.78,85.32,1674.83,5.168343278432062
2025-05-27,57.64,32.15,32.35,810.14,42.986401443472154
2025-05-28,23.52,19.64,89.05,2168.79,36.16360811151033
2025-05-29,18.2,18.42,50.64,315.7,7.307765425056015
2025-05-30,50.51,21.51,61.12,2484.3,7.1778321288424065
2025-05-31,37.97,22.8,53.88,2300.78,13.948458451515764
2025-06-01,58.69,19.74,76.61,2093.45,7.1283678760708336
2025-06-02,51.98,31.44,76.71,1078.37,6.835756349096494
2025-06-03,56.05,39.16,43.99,1848.63,10.052300716924618
2025-06-04,48.52,16.21,66.63,1326.0,8.1067294713192
2025-06-05,61.26,29.48,29.01,2092.3,5.880591493726131
2025-06-06,54.92,15.98,89.78,2457.22,14.764212230703665
2025-06-07,15.48,34.44,82.21,1199.12,44.94741326013997
2025-06-08,19.55,39.38,29.09,476.74,40.086940255170155
2025-06-09,45.03,22.78,64.69,1708.73,10.218641166886973
2025-06-10,11.63,32.93,39.95,2482.25,44.12920554215904
2025-06-11,46.63,14.51,83.06,195.72,10.655708241091611
2025-06-12,14.33,22.84,83.26,518.3,9.946618582590308
2025-06-13,62.2,18.63,92.29,268.8,14.960541869322936
2025-06-14,12.36,28.12,74.97,536.43,43.19522470897836
2025-06-15,41.07,28.69,55.06,2263.36,14.668592078944013
2025-06-16,14.37,40.04,48.46,2039.9,40.08677600266513
2025-06-17,17.09,15.53,64.23,1502.85,13.331595857608358
2025-06-18,18.35,22.47,55.37,2027.23,41.10164274847548
2025-06-19,49.25,12.32,71.08,230.45,43.675120199404226
2025-06-20,36.76,17.72,56.07,2458.76,14.525363057789782
2025-06-21,50.68,12.26,62.44,722.76,39.88856761312039
2025-06-22,58.32,14.14,35.99,893.8,14.223947519754237
2025-06-23,20.98,22.78,58.24,1200.88,35.00692003166803
2025-06-24,17.49,13.33,36.95,37.87,44.48008536793934
2025-06-25,46.88,12.16,45.18,995.18,12.075382209090124
2025-06-26,18.19,14.21,69.15,1628.68,43.18030433855034
2025-06-27,23.75,23.7,70.22,1095.25,6.928013065112923
2025-06-28,26.27,26.38,67.59,1299.48,11.601498044825545
2025-06-29,52.81,22.9,88.15,521.09,11.492788971396827
2025-06-30,13.66,36.41,89.05,692.5,78.81264740034642
2025-07-01,55.41,20.08,63.65,740.81,14.942963186892795
2025-07-02,41.78,40.95,86.12,1271.98,38.67575766586327
2025-07-03,46.27,13.69,38.07,830.54,14.594434696048696
2025-07-04,61.55,17.6,62.57,83.49,41.05522225091149
2025-07-05,39.27,37.53,39.03,684.14,6.723849113212439
2025-07-06,52.91,31.81,71.96,1555.24,5.5776052328039984
2025-07-07,39.46,17.64,72.11,2196.25,9.112375673398695
2025-07-08,44.26,14.45,81.59,1087.48,11.560329154344245
2025-07-09,57.61,25.14,92.69,1840.96,9.530068857716174
2025-07-10,24.38,29.46,69.28,1622.18,38.31770806478507
2025-07-11,34.68,14.07,70.88,352.59,14.587436392506724
2025-07-12,11.17,37.04,71.12,1732.87,41.64498961186048
2025-07-13,47.47,15.69,72.73,1807.4,44.4896220709796
2025-07-14,30.14,38.47,38.36,57.79,41.87137280179458
2025-07-15,51.75,20.35,68.13,1639.54,11.180189342867187
2025-07-16,43.78,26.73,88.87,215.87,12.200629043248695
2025-07-17,16.24,25.75,55.59,1990.73,38.67479222992898
2025-07-18,43.92,26.64,43.34,156.39,7.025365111674966
2025-07-19,27.04,19.41,64.71,1698.51,14.930770476254878
2025-07-20,44.25,16.27,78.49,175.45,40.78004258737627
2025-07-21,64.38,32.59,44.99,727.1,42.468835844804275
2025-07-22,20.43,39.94,79.78,2362.34,43.39830750534156
2025-07-23,51.44,20.12,53.22,764.46,8.888714762637266
2025-07-24,27.72,37.19,84.61,2086.33,6.079608488922792
2025-07-25,47.14,22.14,61.25,2213.5,8.795162387872814
2025-07-26,20.56,14.45,84.53,375.53,13.738265527089254
2025-07-27,30.46,28.21,25.0,1565.27,13.90307103352556
2025-07-28,29.37,40.99,36.41,1586.96,38.227478202074934
2025-07-29,50.17,30.3,26.88,2367.42,40.62014002094416
2025-07-30,8.55,38.88,94.29,1269.96,37.28083703713915
2025-07-31,48.91,23.11,86.65,2212.9,40.5011833517996
2025-08-01,33.2,22.83,59.1,1455.77,14.721563138980006
2025-08-02,39.86,21.04,49.1,354.84,12.299329723471306
2025-08-03,18.55,37.3,44.22,1329.64,37.16686164978738
2025-08-04,53.93,16.97,45.73,649.86,12.850922090824426
2025-08-05,29.32,14.46,29.85,650.71,10.423268257224944
2025-08-06,40.4,14.2,25.09,911.42,14.495347255757071
2025-08-07,37.5,41.28,28.36,254.78,38.31145627007856
2025-08-08,59.61,17.14,72.33,192.11,38.58068266012333
2025-08-09,40.84,33.32,41.63,1380.42,12.299648396997224
2025-08-10,15.41,36.88,27.65,2164.05,77.67529530624428
2025-08-11,29.24,22.36,29.29,2105.13,5.364293557286058
2025-08-12,43.77,39.76,45.76,437.02,43.01722952685136
2025-08-13,39.25,26.87,73.79,1709.05,6.826694595497143
2025-08-14,38.75,18.39,48.74,2307.83,38.422505025626464
2025-08-15,29.39,24.97,74.33,55.28,10.61608245093947
2025-08-16,30.53,29.53,35.0,2391.43,12.315081331194378
2025-08-17,26.91,18.11,77.56,2268.82,5.653907108410657
2025-08-18,25.86,16.38,64.03,599.06,6.813513983035606
2025-08-19,37.58,16.84,84.08,1804.5,14.39666614601718
2025-08-20,46.33,34.25,85.99,1388.73,13.414082972062458
2025-08-21,37.14,15.23,86.43,1847.35,43.03297525753047
2025-08-22,52.46,16.3,33.07,2219.99,5.934109691421528
2025-08-23,56.76,24.65,66.5,2292.96,7.843196970075304
2025-08-24,28.62,24.21,25.99,1302.79,13.662101818759494
2025-08-25,52.47,28.31,89.83,2413.34,9.137128485767676
2025-08-26,29.3,13.07,52.18,1300.58,7.568716609499214
2025-08-27,58.23,16.88,67.04,1576.51,12.381312944910364
2025-08-28,45.18,23.0,58.92,592.12,6.684119733440186
2025-08-29,15.8,30.03,64.37,1671.53,44.94268070507232
2025-08-30,17.13,22.71,89.3,795.77,36.270330120494826
2025-08-31,14.48,15.83,66.32,1201.67,11.803220825275273
2025-09-01,51.38,22.43,40.73,1548.12,43.66991129975671
2025-09-02,48.99,38.43,40.87,2479.97,44.13215859339673
2025-09-03,28.85,13.58,70.29,123.95,14.002217360909478
2025-09-04,60.75,34.53,29.45,1428.31,10.104125340189498
2025-09-05,11.34,17.21,39.05,840.67,13.861172680919582
2025-09-06,47.85,39.83,88.55,1783.37,11.553492849481643
2025-09-07,44.63,15.25,48.24,314.98,5.300049756653352
2025-09-08,38.25,36.54,76.26,1661.24,40.96135696169019
2025-09-09,19.84,30.34,92.9,868.33,78.12893601655175
2025-09-10,49.41,25.42,79.42,613.97,6.953927581200572
2025-09-11,29.74,16.86,79.85,577.18,11.09681398306384
2025-09-12,22.86,16.73,94.78,1129.22,5.393421754089563
2025-09-13,52.86,38.39,79.53,1526.58,8.0767102081272
2025-09-14,55.83,29.81,26.76,1692.68,12.462163531374268
2025-09-15,51.27,27.06,56.13,2093.61,6.195571432429218
2025-09-16,18.92,24.76,25.89,1565.48,38.84957022600243
2025-09-17,56.55,19.28,32.11,13.09,40.48563044860614
2025-09-18,61.98,30.98,48.71,1122.25,43.72589957855871
2025-09-19,43.23,33.47,62.23,1602.91,42.613766154669136
2025-09-20,14.18,37.32,35.99,2020.79,36.58731505755529
2025-09-21,49.29,26.29,94.31,453.17,5.8741890204855585
2025-09-22,47.03,39.14,94.49,1919.25,14.619420868884527
2025-09-23,50.37,28.14,93.86,771.9,38.113929605825746
2025-09-24,12.42,20.39,31.7,2055.75,11.462051623296412
2025-09-25,22.32,33.09,92.75,387.55,39.51635968728446
2025-09-26,53.53,40.73,42.62,1995.88,39.69056443651354
2025-09-27,36.5,26.71,26.27,1380.12,12.06504341413364
2025-09-28,30.11,34.97,65.06,2365.18,6.605925042535418
2025-09-29,17.61,24.0,89.62,206.9,42.423100131247395
2025-09-30,20.75,25.07,92.95,1750.05,36.65344162381675
2025-10-01,23.68,27.93,28.46,1107.23,36.415904130420216
2025-10-02,41.45,41.65,43.85,1325.91,9.999275283775425
2025-10-03,56.09,41.58,47.44,754.49,39.6512127301759
2025-10-04,54.86,22.84,38.39,86.85,40.45723588186117
2025-10-05,14.55,35.8,61.01,2469.77,40.696986872795165
2025-10-06,41.1,22.91,89.43,1852.6,40.8234041245018
2025-10-07,47.44,29.57,86.95,1107.01,12.90478654780696
2025-10-08,32.07,38.11,59.29,2199.16,6.770470515719432
2025-10-09,12.05,28.65,27.27,1942.45,11.347013142182721
2025-10-10,15.18,19.72,79.23,38.72,35.56199523359996
2025-10-11,23.88,25.43,34.86,163.49,78.92805816264352
2025-10-12,48.22,19.47,42.69,417.79,11.445390683694686
2025-10-13,58.03,21.69,87.51,1998.01,7.097381289833894
2025-10-14,38.52,25.86,92.58,2159.73,11.529085041543588
2025-10-15,44.88,26.14,84.67,239.9,9.164860405845172
2025-10-16,57.57,17.0,77.11,1836.63,7.2257956000751244
2025-10-17,33.73,27.36,46.48,627.16,7.732621402902059
2025-10-18,63.64,28.01,55.6,802.45,13.599387975697342
2025-10-19,18.63,19.09,80.71,1863.18,44.36497769767112
2025-10-20,8.29,20.38,66.72,2171.27,44.283323839505556
2025-10-21,31.29,22.21,53.64,705.76,9.201022387375357
2025-10-22,49.86,19.43,28.77,1133.15,12.271250909548215
2025-10-23,61.61,16.05,30.99,358.83,7.3901918594390095
2025-10-24,25.45,41.63,32.99,1874.16,9.457740559016054
2025-10-25,34.41,31.81,43.3,697.21,12.281631347546876
2025-10-26,36.39,35.32,70.99,2368.74,36.48113264302629
2025-10-27,38.91,13.95,32.86,2337.98,12.972446109181881
2025-10-28,40.94,23.85,38.48,1828.48,14.082859888158119
2025-10-29,60.55,18.46,58.16,1907.67,9.913924021244977
2025-10-30,35.39,21.73,57.0,357.8,9.347936986115919
2025-10-31,33.01,12.0,38.43,157.98,8.237368257933156
2025-11-01,28.21,20.61,79.86,1674.03,7.5858001817064125
2025-11-02,36.21,34.3,49.97,1441.76,8.76794835369694
2025-11-03,28.16,15.86,69.1,366.58,38.43922336153851
2025-11-04,36.17,19.03,42.04,2297.61,10.739953089011143
2025-11-05,9.63,27.56,76.88,1399.68,9.726639514877716
2025-11-06,20.48,30.21,67.34,1691.54,37.560554885576224
2025-11-07,32.85,40.99,85.96,1859.54,38.94039114344478
2025-11-08,36.53,22.71,43.52,829.26,13.453200220819953
2025-11-09,32.47,12.13,37.12,1257.32,14.04105412459931
2025-11-10,56.5,34.81,77.39,558.8,12.665554659498266
2025-11-11,18.91,31.98,50.81,209.2,84.8873515121888
2025-11-12,22.12,31.6,47.58,1625.16,42.29045592171341
2025-11-13,47.05,40.35,70.7,2066.02,6.82086804887522
2025-11-14,16.0,13.89,31.15,1609.75,11.520720216753846
2025-11-15,13.54,13.53,36.28,577.85,10.011926915111136
2025-11-16,22.78,23.76,85.32,1051.95,41.1833864950504
2025-11-17,12.53,36.66,51.69,136.2,39.81635130323325
2025-11-18,49.39,30.94,32.73,1262.5,5.193900505443034
2025-11-19,24.42,18.27,76.54,205.63,40.707115017053766
2025-11-20,46.6,17.04,43.75,110.56,8.069393785985088
2025-11-21,60.84,26.2,47.5,1087.73,12.642505803816267
2025-11-22,30.84,25.63,30.86,608.01,5.994617527358753
2025-11-23,48.37,34.11,72.73,1744.32,35.810417770925966
2025-11-24,31.27,37.29,37.11,423.88,5.598077592039362
2025-11-25,31.3,12.51,33.96,1113.75,14.028879697347667
2025-11-26,14.71,25.81,44.07,1593.95,12.288017782428401
2025-11-27,56.06,28.66,43.66,1281.49,7.131763121004466
2025-11-28,44.74,18.08,91.17,2098.67,8.11797516766402
2025-11-29,14.15,33.86,77.27,1709.19,36.66416447209504
2025-11-30,36.86,26.86,62.04,888.28,12.795133848861852
2025-12-01,20.28,22.66,82.76,498.75,12.831947905127784
2025-12-02,50.8,26.95,91.94,881.77,7.35365285130086
2025-12-03,20.68,33.2,86.32,2309.37,40.54724008571981
2025-12-04,23.1,32.72,89.21,2488.79,42.203257772627595
2025-12-05,45.39,13.23,25.62,1369.89,11.399320606851779
2025-12-06,60.67,38.89,27.12,2015.6,12.721472384256064
2025-12-07,27.49,25.7,78.27,2356.97,38.87387649898515
2025-12-08,28.19,19.31,31.19,2130.08,5.496883776091694
2025-12-09,36.54,27.51,61.94,1357.33,5.1420345049085086
2025-12-10,29.67,34.58,35.07,2209.68,43.080228212310274
2025-12-11,39.73,32.39,47.61,2138.07,13.632961464311043
2025-12-12,56.04,14.66,83.57,1878.26,11.999561427759785
2025-12-13,22.07,12.48,75.31,180.31,83.47648383594995
2025-12-14,63.84,29.98,36.98,1656.35,10.32427409882445
2025-12-15,24.89,15.77,37.13,1204.65,41.01913254895312
2025-12-16,29.55,20.27,45.16,393.43,10.248466144709836
2025-12-17,59.99,23.74,66.73,1017.75,7.1579041038531
2025-12-18,63.34,22.46,64.33,2064.81,11.117483796023663
2025-12-19,24.9,31.58,62.23,57.76,42.68702560635027
2025-12-20,15.36,37.99,88.02,1566.25,38.917574873426474
2025-12-21,9.23,34.38,49.63,1061.38,42.79180542595808
2025-12-22,53.15,19.28,92.34,86.83,37.7480689354156
2025-12-23,55.25,19.7,87.08,578.37,10.445467926257624
2025-12-24,38.85,31.45,90.34,300.33,11.357302792304766
2025-12-25,23.47,20.92,35.74,547.61,37.047345388566846
2025-12-26,38.89,31.95,88.31,1297.3,12.728350638661734
2025-12-27,57.33,25.01,60.07,1566.95,11.229087900667857
2025-12-28,10.48,34.99,72.22,2470.62,36.702703048199766
2025-12-29,32.05,14.7,36.19,2124.73,14.647957683996838
2025-12-30,50.52,34.77,84.33,899.91,9.23928461370438
2025-12-31,22.22,35.78,88.04,1813.88,39.85221518562409
2026-01-01,28.4,39.94,70.68,977.91,37.474844728076974
2026-01-02,17.38,35.78,62.36,1547.66,36.602153182244
2026-01-03,40.13,29.48,67.83,1484.74,13.079424860146757
2026-01-04,9.0,20.59,92.95,1328.28,8.327879599945161
2026-01-05,56.88,40.11,83.57,1483.67,9.813605438438355
2026-01-06,10.16,33.27,47.1,77.27,37.8577758054993
2026-01-07,16.6,22.66,70.14,2350.17,6.879935378570362
2026-01-08,60.16,26.85,94.83,2158.62,14.990781021566614
2026-01-09,45.36,33.88,40.7,960.27,13.34699810043187
2026-01-10,48.66,22.19,75.11,1124.16,11.898222864554793
2026-01-11,44.2,41.3,75.24,1169.47,36.35885762377043
2026-01-12,57.82,19.29,30.87,117.74,11.396159031496557
2026-01-13,55.26,15.13,91.12,2072.41,5.241989054139374
2026-01-14,64.84,18.59,89.86,829.33,37.726619815450704
2026-01-15,55.02,27.94,75.22,228.95,11.396995506202169
2026-01-16,63.46,32.85,81.38,2251.44,14.690027960476922
2026-01-17,30.55,24.63,35.28,543.81,11.274972988656842
2026-01-18,24.32,17.78,46.36,875.45,41.69046690563257
2026-01-19,56.99,39.66,46.96,876.95,43.51658030726295
2026-01-20,37.06,28.57,29.42,422.66,10.42897661553754
2026-01-21,46.61,22.87,68.72,1557.61,14.809719586889752
2026-01-22,11.31,26.47,45.31,2426.0,12.653347187558541
2026-01-23,49.63,24.08,46.64,2449.42,13.031343793175331
2026-01-24,62.61,27.18,54.01,1329.79,7.948099453800467
2026-01-25,11.64,32.79,61.08,1211.18,40.118016596520384
2026-01-26,50.33,23.78,54.57,2239.18,37.841138499605066
2026-01-27,39.1,13.44,94.22,1526.02,10.688097455532281
2026-01-28,36.94,21.89,56.35,226.24,36.02730775300426
2026-01-29,33.62,22.94,88.72,2115.02,14.464214881525873
2026-01-30,51.84,32.78,67.72,2066.61,37.033872730746225
2026-01-31,40.52,36.11,36.69,1419.57,36.799466911537166
2026-02-01,37.06,27.68,34.83,527.53,6.257065635448164
2026-02-02,46.84,13.23,39.72,2115.31,9.769451026243512
2026-02-03,60.7,26.89,33.6,1836.09,43.64201619176924
2026-02-04,9.55,40.08,75.13,1724.0,12.039248778780387
2026-02-05,32.55,37.21,68.3,437.16,7.951409464813443
2026-02-06,40.19,25.31,48.16,1242.2,5.6434298003198
2026-02-07,22.32,21.54,29.8,2051.26,10.621828930661941
2026-02-08,13.22,14.82,85.02,2155.27,12.681643759217934
2026-02-09,13.59,12.61,65.67,223.85,39.36649028625555
2026-02-10,57.4,18.55,93.3,531.1,7.47614882494133
2026-02-11,18.19,33.18,93.14,1671.58,37.05447348947007
2026-02-12,31.0,22.56,52.62,273.54,41.03416887450152
2026-02-13,21.81,35.72,46.53,2458.89,44.94278594787383
2026-02-14,31.88,22.61,43.83,1071.3,10.334723986654229
2026-02-15,28.38,22.23,34.58,459.02,12.711131745496136
2026-02-16,46.83,34.65,60.28,1044.4,38.76203880302483
2026-02-17,56.18,40.32,81.47,917.32,9.660657103973636
2026-02-18,45.94,30.11,57.33,1012.99,14.21893269572469
2026-02-19,59.02,24.8,30.51,1991.58,12.382786043572658
2026-02-20,31.57,36.18,30.39,2320.52,7.411300549799533
2026-02-21,24.07,16.65,62.64,2018.61,36.721209706770665
2026-02-22,40.59,28.72,87.83,1954.53,7.815546661133144
2026-02-23,33.35,35.11,73.31,1238.15,7.072711005933527
2026-02-24,11.95,20.1,75.72,336.96,41.506218701399234
2026-02-25,16.37,38.64,88.73,1636.29,41.74732036660869
2026-02-26,49.92,37.3,89.61,706.73,11.487553431497238
2026-02-27,40.6,26.66,44.47,914.34,5.432483888465848
2026-02-28,32.57,25.29,54.56,1898.5,37.26756749729957
2026-03-01,28.44,39.57,36.27,1431.03,11.021947759148016
2026-03-02,12.47,40.88,53.51,849.34,41.89242679325676
2026-03-03,29.14,15.17,56.95,1907.65,10.912351631528116
2026-03-04,50.51,38.98,94.12,2218.52,6.340140363997541
2026-03-05,17.85,38.73,27.44,1527.61,37.52358052558847
2026-03-06,52.2,30.19,69.19,1947.09,41.09996555067908
2026-03-07,24.52,28.39,82.08,286.15,76.57527907683678
2026-03-08,47.12,30.42,81.86,2152.11,8.065093888546896
2026-03-09,31.2,24.21,41.61,1015.77,14.47292343116408
2026-03-10,18.99,33.73,27.49,1175.98,11.71080692344399
2026-03-11,20.95,31.63,75.92,397.51,43.83443258835444
2026-03-12,62.24,12.78,47.15,19.21,44.426007874592855
2026-03-13,47.4,34.55,45.84,761.59,38.860720271940636
2026-03-14,47.03,19.77,30.02,1248.35,7.658833783419006
2026-03-15,63.46,39.27,71.86,49.84,39.85116675020552
2026-03-16,12.31,24.81,60.52,506.01,44.17852813048523
2026-03-17,35.16,12.53,44.44,378.0,8.780520689869991
2026-03-18,56.57,25.85,76.94,522.42,8.610277342641801
2026-03-19,46.41,36.58,74.26,852.76,9.019289007192327
2026-03-20,47.67,20.55,32.62,2440.39,8.670923459902914
2026-03-21,13.47,17.21,45.31,1922.03,37.42063025342738
2026-03-22,31.38,19.44,57.95,380.39,11.62680674948345
2026-03-23,29.7,33.67,69.29,1882.73,8.178922367224185
2026-03-24,11.63,39.73,39.66,657.85,81.4032051435178
2026-03-25,10.44,12.43,38.32,1959.67,35.60120675334536
2026-03-26,19.61,40.94,55.92,415.9,38.154941077283695
2026-03-27,44.85,34.51,77.84,1881.32,38.81836819956818
2026-03-28,43.29,19.1,91.18,425.68,8.465039787997377
2026-03-29,14.92,24.14,88.06,1061.06,41.760552243764785
2026-03-30,47.92,32.76,34.33,2257.51,10.169246000481712
2026-03-31,15.21,17.18,40.01,1636.95,10.88931303431298
2026-04-01,38.58,18.71,74.54,1169.81,10.080082895954138
2026-04-02,37.73,37.27,63.14,1125.12,38.94090247884716
2026-04-03,28.82,37.58,57.45,982.4,38.329600407774585
2026-04-04,64.34,23.57,33.72,1873.57,14.666769308301905
2026-04-05,13.3,24.38,89.9,472.67,9.529563684911006
2026-04-06,43.4,32.66,72.86,2442.68,9.070367649593159
2026-04-07,40.97,38.11,55.08,100.2,12.57930847174611
2026-04-08,32.31,34.17,82.96,1347.49,8.678053190212543
2026-04-09,37.12,36.45,78.29,111.32,37.38340229999024
2026-04-10,19.57,34.21,83.66,723.68,35.69110828294128
2026-04-11,27.52,20.78,68.53,136.08,8.69292058719941
2026-04-12,19.17,39.65,27.12,2314.24,42.10196605403249
2026-04-13,61.03,26.45,38.47,1448.27,6.408184142947709
2026-04-14,36.41,19.44,64.0,2463.0,8.392776040774006
2026-04-15,61.49,33.48,57.76,2039.36,9.48439098524405
2026-04-16,37.09,21.2,27.72,2074.33,12.54475915776128
2026-04-17,22.89,13.98,82.61,1142.39,44.148894632739655
2026-04-18,55.12,24.04,62.36,2054.28,10.389608788121071
2026-04-19,23.45,27.14,26.41,2284.47,43.5907322927046
2026-04-20,26.17,39.7,29.85,1821.3,9.611190844166032
2026-04-21,64.47,30.85,80.57,1428.65,13.415793362215284
2026-04-22,40.41,32.76,76.77,62.59,40.49474963186331
2026-04-23,47.96,41.45,49.77,2179.21,11.897341987358299
2026-04-24,10.52,17.35,50.87,1017.02,43.691855293468016
2026-04-25,30.36,29.86,53.35,1417.19,12.429925335754811
2026-04-26,19.92,16.42,48.64,520.57,14.044895518823367
2026-04-27,64.69,36.63,30.94,2102.34,38.375348552207996
2026-04-28,28.58,28.4,75.38,2019.08,39.885775002356446
2026-04-29,28.88,20.24,33.72,811.91,12.568807894309188
2026-04-30,16.84,22.96,69.6,1641.61,35.203620855556544
2026-05-01,13.6,39.42,80.84,1429.41,39.93908387149577
2026-05-02,26.04,39.73,84.05,681.65,7.23399017649561
2026-05-03,15.44,35.04,44.97,206.06,40.79960079903995
2026-05-04,32.62,33.09,93.04,303.39,11.803903124567107
2026-05-05,48.27,32.48,28.52,719.1,14.664379607134364
2026-05-06,12.88,40.79,76.38,643.77,81.98496640975135
2026-05-07,59.42,34.62,49.42,1648.98,10.6925623195476
2026-05-08,23.34,15.98,73.82,990.27,12.18419265518467
2026-05-09,48.8,18.53,60.11,928.6,14.441904684692046
2026-05-10,38.59,13.11,42.79,716.48,7.095951230647803
2026-05-11,52.05,18.78,64.08,2309.87,10.022014887738582
2026-05-12,36.62,24.64,30.7,1357.82,12.460737887281937
2026-05-13,19.06,12.68,37.06,259.22,76.91577201174321
2026-05-14,47.3,27.98,75.98,432.18,9.611658169722833
2026-05-15,34.65,15.21,56.32,2175.32,8.714306440572006
2026-05-16,26.65,37.95,39.24,2304.29,37.68476498527439
2026-05-17,10.67,18.79,51.13,2366.54,13.680653313633329
2026-05-18,33.27,27.63,53.52,501.16,7.885046645577255
2026-05-19,35.48,24.56,47.32,565.61,13.774195606551036
2026-05-20,16.5,21.61,72.9,677.5,36.574633686748825
2026-05-21,9.26,30.6,44.57,696.03,43.06871680837747
2026-05-22,52.77,31.47,35.75,1898.25,41.16613892691674
2026-05-23,10.58,25.45,57.67,2066.57,38.01809202233703
2026-05-24,10.48,23.61,41.2,580.49,8.972363436601931
2026-05-25,63.05,35.26,41.78,839.61,5.319049418326466
2026-05-26,52.06,14.59,55.87,2435.98,14.370891326237382
2026-05-27,60.43,38.63,80.04,605.7,6.36736291474191
2026-05-28,32.33,17.25,45.53,2245.53,35.629932737408005
2026-05-29,31.7,23.95,52.93,233.96,37.19985518827132
2026-05-30,44.01,16.85,27.6,1271.77,35.885667384109745
2026-05-31,36.46,27.27,58.32,501.05,14.605639575831264
2026-06-01,26.87,28.82,27.11,135.74,11.736856800250681
2026-06-02,28.37,18.46,30.88,1516.52,41.59598766426951
2026-06-03,12.03,37.24,26.31,1863.04,37.20418274905346
2026-06-04,18.15,17.13,50.12,454.46,9.39599679444712
2026-06-05,11.19,20.22,60.37,856.0,13.641729915465366
2026-06-06,18.84,18.69,60.03,320.35,13.938742175327604
2026-06-07,42.98,40.46,81.13,1298.39,14.74915869151195
2026-06-08,22.17,21.39,54.4,603.53,43.057770292462166
2026-06-09,46.46,29.0,61.17,64.11,35.109445811017295
2026-06-10,23.52,41.11,65.25,1847.37,44.14304363661334
2026-06-11,34.01,24.78,46.8,1213.01,12.352891361917212
2026-06-12,12.11,19.18,75.23,2109.71,7.250498431839293
2026-06-13,57.63,31.63,56.08,346.45,42.944949230122354
2026-06-14,9.32,23.47,85.96,1996.21,42.61502837054776
2026-06-15,20.71,25.01,27.91,1040.37,7.220392877659233
2026-06-16,42.66,39.36,93.32,2163.57,39.600177335016326
2026-06-17,62.32,19.82,71.85,724.79,44.36662593615899
2026-06-18,16.35,18.58,55.01,2457.91,41.083551249482895
2026-06-19,20.58,38.94,59.55,121.77,78.9353725525532
2026-06-20,28.88,17.76,48.26,805.09,13.761929626848245
2026-06-21,32.17,24.22,93.25,687.47,13.51087269859046
2026-06-22,21.0,14.11,42.35,1114.33,38.92000404110947
2026-06-23,38.52,16.52,57.06,2103.23,12.588760363008205
2026-06-24,64.45,39.81,29.34,2047.45,41.22091792707765
2026-06-25,14.74,17.17,38.58,2105.05,43.41175970415721
2026-06-26,54.98,19.63,58.28,1547.08,13.671093887474106
2026-06-27,33.09,23.29,40.15,507.95,35.75825307487714
2026-06-28,37.77,20.06,54.25,812.82,13.417579665374873
2026-06-29,41.83,26.46,49.74,630.23,6.3033072075879275
2026-06-30,55.57,17.57,60.72,911.66,5.924396223435297
2026-07-01,48.4,27.35,72.42,2000.22,14.317012758451561
2026-07-02,38.74,39.95,78.49,435.76,43.426094666633226
2026-07-03,56.71,25.19,90.02,802.24,7.88047768638171
2026-07-04,10.29,18.04,92.01,2472.08,40.439713165602704
2026-07-05,26.44,17.88,54.99,547.32,8.527218217781517
2026-07-06,23.9,36.19,54.01,1344.41,37.09579342336948
2026-07-07,47.86,16.51,73.96,2063.33,11.791858954303644
2026-07-08,21.91,38.4,32.59,2457.31,43.174652259816284
2026-07-09,24.29,25.31,85.95,445.25,7.0434749588483125
2026-07-10,51.27,29.45,70.17,1071.06,5.066877811842801
2026-07-11,33.16,17.3,82.92,1026.6,10.424482074863697
2026-07-12,57.78,35.76,44.62,2075.77,38.08450048318774
2026-07-13,42.3,41.16,84.4,1606.55,12.522743041665585
2026-07-14,8.14,22.89,28.94,1523.2,43.16827212145394
2026-07-15,32.62,34.58,69.57,248.38,36.829261240319305
2026-07-16,54.84,16.64,58.46,779.64,11.29040839460651
2026-07-17,43.49,14.32,74.23,1171.28,6.421073292588723
2026-07-18,60.46,15.49,72.55,2328.06,6.416606804570768
2026-07-19,31.76,19.47,42.9,1778.83,8.54351372112066
2026-07-20,61.83,24.02,91.42,500.77,6.830840831287133
2026-07-21,40.86,30.9,85.99,74.82,7.727670006113484
2026-07-22,49.24,26.58,55.77,1870.55,12.721513889495927
2026-07-23,43.57,24.68,67.12,2265.41,10.622990995004677
2026-07-24,19.87,24.03,49.3,1483.96,6.751340561075906
2026-07-25,31.14,26.93,41.77,2468.29,11.785784293119924
2026-07-26,41.92,29.02,71.34,844.02,7.967622839757445
2026-07-27,39.23,38.45,73.33,2241.04,14.402301544534199
2026-07-28,38.55,13.57,45.08,1812.84,8.301685086693224
2026-07-29,8.42,40.74,43.61,696.71,38.72491237245686
2026-07-30,56.19,16.53,63.14,1176.53,37.78835103987736
2026-07-31,55.53,15.5,69.54,27.86,13.570002790887393
2026-08-01,17.45,41.75,93.0,808.3,41.220334374086455
2026-08-02,37.0,14.39,80.86,383.86,11.641612508521046
2026-08-03,45.08,22.2,76.99,764.87,11.408930859419211
2026-08-04,43.5,13.59,38.18,526.76,12.251609649774839
2026-08-05,16.39,33.52,78.97,1784.14,39.275955495590765
2026-08-06,33.22,31.91,35.4,1530.24,11.385152415092687
2026-08-07,15.32,23.85,73.36,442.29,40.93623194004335
2026-08-08,63.84,25.32,31.11,509.07,7.220268074971784
2026-08-09,22.74,35.28,39.85,1163.04,8.278948158613789
2026-08-10,53.98,29.15,89.19,1888.08,8.151429972735295
2026-08-11,41.4,25.5,87.45,1065.12,42.919692672116675
2026-08-12,27.6,15.28,61.47,2004.16,36.13011426163423
2026-08-13,13.01,24.77,62.0,674.19,35.7422154649599
2026-08-14,56.9,38.15,56.34,25.95,35.3244473907074
2026-08-15,35.57,31.3,66.19,45.57,43.496018330826935
2026-08-16,55.72,41.18,89.42,576.05,36.44584660680681
2026-08-17,21.09,36.78,70.31,466.53,40.175211035643905
2026-08-18,11.9,22.21,69.77,374.82,42.10840157053409
2026-08-19,41.94,35.65,57.31,736.61,11.532938829518812
2026-08-20,24.51,38.04,70.45,1835.59,36.20146648339379
2026-08-21,11.68,37.04,68.89,1343.67,39.0444623873461
2026-08-22,48.62,40.74,72.5,1339.93,8.787580617851807
2026-08-23,18.56,25.86,33.55,371.8,37.60109433886939
2026-08-24,45.17,32.97,34.31,952.73,9.397183410653895
2026-08-25,25.82,38.7,87.71,971.02,9.397493848717863
2026-08-26,15.55,20.29,70.49,509.27,10.947060023557581
2026-08-27,32.15,13.81,77.06,1612.56,12.673710718070922
2026-08-28,9.01,19.04,70.16,1271.56,14.645912875483639
2026-08-29,9.29,40.25,76.0,2272.12,80.97887723213239
2026-08-30,52.25,41.38,49.94,302.47,12.236056829811929
2026-08-31,40.0,17.39,86.23,654.8,11.601717742199146
2026-09-01,10.56,35.98,65.4,2113.37,8.282467893357188
2026-09-02,46.96,17.63,39.36,1328.84,44.072368498657916
2026-09-03,15.96,41.59,40.15,521.12,42.601530947828266
2026-09-04,28.63,31.74,72.82,1808.2,7.425045433647527
2026-09-05,25.91,32.48,51.91,557.03,35.37916328453585
2026-09-06,36.35,38.93,43.15,1281.4,43.842481771845655
2026-09-07,33.77,17.35,81.74,706.0,9.603631887749124
2026-09-08,27.68,29.51,86.58,609.51,14.407035171114707
2026-09-09,63.05,32.8,36.04,1757.69,37.765205373729536
2026-09-10,63.33,39.28,30.54,1617.85,37.04766392890479
2026-09-11,48.0,13.19,53.81,662.1,6.641798704673635
2026-09-12,8.94,18.75,63.53,1698.06,9.48370109978733
2026-09-13,59.59,30.09,74.25,1501.71,9.679105649968427
2026-09-14,30.69,21.04,65.98,1782.46,12.673181892945067
2026-09-15,36.42,41.56,43.06,2187.04,42.51677450231393
2026-09-16,9.66,13.62,75.66,572.24,40.005925398081224
2026-09-17,30.3,21.81,62.8,2499.58,13.510867087844925
2026-09-18,28.01,33.6,94.54,527.69,41.231397211087554
2026-09-19,29.34,27.23,37.88,525.64,14.936855480047779
2026-09-20,19.87,18.25,49.62,1412.02,9.892270008763202
2026-09-21,54.23,21.7,48.92,462.97,43.72005815632253
2026-09-22,25.67,15.41,73.78,1728.91,7.696207221182094
2026-09-23,34.22,13.52,74.67,99.92,6.349335913423765
2026-09-24,15.12,18.07,31.49,1170.81,41.35941056675197
2026-09-25,35.26,33.04,77.56,1178.11,8.528808585490584
2026-09-26,62.0,12.83,27.24,2334.96,9.690195862374791
2026-09-27,24.01,32.74,32.0,1780.96,39.43399207493866
2026-09-28,45.81,29.24,67.93,140.71,42.757187935502884
2026-09-29,31.08,13.2,69.48,1440.02,9.234961223178274
2026-09-30,34.65,29.34,71.89,2030.62,14.011178814285024
2026-10-01,55.99,33.27,44.54,1880.94,38.70006136843678
2026-10-02,62.21,13.13,74.56,534.74,13.378264960738901
2026-10-03,34.9,26.7,81.64,3.88,12.041411907336366
2026-10-04,10.09,33.5,31.92,2321.82,43.70847380214437
2026-10-05,64.01,41.05,84.24,1280.83,10.292734663119676
2026-10-06,30.99,31.46,69.47,1806.31,8.527505008917554
2026-10-07,39.92,36.88,79.09,981.41,14.193988488526902
2026-10-08,34.77,24.45,62.47,996.3,11.086006644970055
2026-10-09,54.83,40.07,81.76,992.01,8.427069366992072
2026-10-10,56.03,27.96,86.3,1046.12,14.036282258066773
2026-10-11,33.86,28.06,74.45,573.38,11.317201642124337
2026-10-12,57.66,15.57,67.04,2455.44,12.946101669953848
2026-10-13,11.02,16.1,56.75,1144.52,44.73937428508146
2026-10-14,37.94,29.84,37.5,150.53,35.11403838510505
2026-10-15,8.16,25.46,34.35,1584.81,40.95314290663272
2026-10-16,19.95,22.54,79.86,1115.9,36.925438655836054
2026-10-17,37.15,28.4,93.08,1078.46,8.747751267088992
2026-10-18,43.28,38.66,53.0,2242.58,12.698924635297873
2026-10-19,19.9,23.14,92.72,579.3,42.0308335949868
2026-10-20,27.61,31.39,49.56,1844.72,11.920016392456075
2026-10-21,41.3,13.16,89.82,2376.71,6.414874590737089
2026-10-22,58.01,33.49,76.0,1639.59,14.960931424988765
2026-10-23,61.61,34.4,87.88,868.11,9.696802437292362
2026-10-24,63.26,14.09,53.28,1133.74,12.911856220822514
2026-10-25,47.25,15.5,61.31,15.06,6.747891736550739
2026-10-26,45.61,33.39,74.14,72.55,37.331272761647696
2026-10-27,54.41,39.31,78.22,997.08,12.403595224438938
2026-10-28,16.41,22.36,56.62,202.58,42.8397054964472
2026-10-29,14.39,22.65,49.23,1244.22,44.26083369626207
2026-10-30,64.59,29.47,31.14,1907.28,6.080804172481665
2026-10-31,39.81,16.84,53.71,154.43,43.442197719343895
2026-11-01,20.73,22.8,37.06,1821.5,8.581051698930974
2026-11-02,61.71,38.49,67.68,1965.85,43.02906040227591
2026-11-03,48.89,15.24,91.52,122.96,6.383427223094337
2026-11-04,9.08,25.92,57.73,1471.02,44.93650596791829
2026-11-05,28.49,25.53,48.47,2016.42,40.4804198672883
2026-11-06,54.57,18.69,47.55,394.44,36.51870765816906
2026-11-07,45.95,18.76,79.45,1847.66,13.52563592827982
2026-11-08,37.64,27.37,70.47,1024.39,5.164966012239481
2026-11-09,63.33,29.88,57.36,2133.33,8.11431901799272
2026-11-10,61.85,23.81,86.07,2359.93,13.931135088993233
2026-11-11,26.04,33.01,58.26,1583.04,38.61699889746067
2026-11-12,47.45,34.09,56.6,1862.99,35.33792469874918
2026-11-13,22.33,36.89,38.53,1207.98,37.44122923055718
2026-11-14,22.76,41.35,87.62,1769.53,43.43401177985641
2026-11-15,46.14,38.58,84.14,1207.5,6.785232206409208
2026-11-16,51.47,18.18,75.0,1955.79,14.710188638017401
2026-11-17,9.9,26.96,49.06,2136.65,43.773634925825675
2026-11-18,32.44,20.85,84.5,1564.31,10.186965316078986
2026-11-19,52.03,12.33,73.67,252.32,39.83727272936937
2026-11-20,47.05,41.83,89.42,2456.59,13.05304701379545
2026-11-21,61.8,28.1,57.75,1694.42,7.537711156948685
2026-11-22,41.55,23.05,61.49,1974.82,12.800191673265326
2026-11-23,8.84,31.12,65.19,2097.92,38.96032871458873
2026-11-24,51.32,33.93,42.61,325.72,7.164061422604276
2026-11-25,30.03,21.33,27.79,1978.88,8.598010500624374
2026-11-26,26.23,12.86,69.84,1664.55,7.354478936941701
2026-11-27,32.97,41.6,39.89,485.79,7.276058508767464
2026-11-28,42.12,19.33,29.18,2429.74,10.275290557679117
2026-11-29,28.05,33.16,52.79,1147.72,43.03915627318631
2026-11-30,21.99,38.21,94.04,693.2,14.578683654929591
2026-12-01,60.71,41.74,39.82,412.82,10.574269216767075
2026-12-02,57.59,18.63,56.6,1206.63,43.49840303067153
2026-12-03,19.4,12.67,65.99,657.16,14.733829971021272
2026-12-04,35.26,27.11,69.66,757.73,12.6044739870864
2026-12-05,44.36,25.17,75.85,1633.66,14.868138063525553
2026-12-06,11.76,13.45,61.66,1524.38,41.76797815319738
2026-12-07,15.7,39.51,87.9,2138.29,38.127704119575014
2026-12-08,16.59,26.59,47.84,581.47,41.835606662719485
2026-12-09,32.11,37.38,36.78,2310.77,10.814830768862869
2026-12-10,56.25,23.96,75.44,2103.82,11.409555064690604
2026-12-11,50.09,22.02,57.74,343.9,8.113370917785925
2026-12-12,33.1,25.1,89.52,1560.59,9.544025080366442
2026-12-13,17.37,28.04,88.32,372.78,40.19956099657287
2026-12-14,60.92,33.0,85.67,821.36,7.197430678231633
2026-12-15,11.72,32.37,71.22,2194.81,43.82099156244527
2026-12-16,50.35,39.48,47.46,1043.45,42.57453820978834
2026-12-17,15.77,31.34,93.16,775.19,39.816730091892595
2026-12-18,57.37,25.51,75.41,550.15,11.80314978956859
2026-12-19,40.75,17.69,56.47,715.82,8.819351618029577
2026-12-20,17.74,40.89,73.99,2305.59,36.007439758660055
2026-12-21,10.81,38.96,76.86,1877.72,42.37800190922958
2026-12-22,40.02,25.36,69.7,743.46,6.536944965131777
2026-12-23,54.1,32.49,34.05,2486.29,7.502556221755179
2026-12-24,13.16,17.54,63.68,2442.87,38.29728213393261
2026-12-25,41.21,39.02,28.95,1274.59,40.038258362785314
2026-12-26,54.17,31.82,31.3,1925.84,39.43834264003043
2026-12-27,25.22,18.52,32.88,1153.64,7.907424268072253
2026-12-28,62.37,12.38,89.55,2079.71,10.341714454334069
2026-12-29,44.91,19.25,57.51,629.44,8.53799122836098
2026-12-30,47.32,17.44,77.69,790.13,12.65264849175254
2026-12-31,30.25,15.15,61.07,2265.68,9.51703896867723
2027-01-01,28.08,22.17,73.69,1467.62,10.06045992536102
2027-01-02,62.09,21.98,35.83,851.45,5.042319967423065
2027-01-03,13.26,13.74,92.94,1100.05,8.746728720188617
2027-01-04,29.25,20.09,70.71,674.93,5.200464839745936
2027-01-05,61.12,31.55,39.67,638.59,14.639123182366337
2027-01-06,48.61,16.94,27.71,2251.49,9.89680771154424
2027-01-07,19.87,35.25,49.6,1986.74,78.45913289969124
2027-01-08,48.57,34.78,75.81,86.03,11.236907597254003
2027-01-09,53.99,28.35,82.99,1158.84,13.55967279907469
2027-01-10,32.72,40.45,41.12,1408.3,39.284069710838395
2027-01-11,36.71,17.31,62.15,924.24,9.787162330597539
2027-01-12,13.76,20.29,77.48,1207.57,38.8144380511295
2027-01-13,21.23,33.41,65.08,588.22,42.84708398301865
2027-01-14,27.66,12.4,92.1,1105.45,12.904502216493938
2027-01-15,38.26,17.17,92.8,147.41,8.592254381602965
2027-01-16,37.18,38.42,58.29,2323.99,42.03312680820322
2027-01-17,21.26,17.98,28.98,998.6,41.249118530172424
2027-01-18,45.75,19.21,47.62,662.73,12.446999903724052
2027-01-19,55.28,30.49,47.73,82.32,37.61961113737768
2027-01-20,16.49,40.43,39.18,2362.92,35.352508884845506
2027-01-21,39.23,16.45,49.59,1458.58,10.24294930292483
2027-01-22,38.14,15.1,27.88,583.59,11.524511248233896
2027-01-23,56.14,37.6,42.47,400.16,13.46426978199631
2027-01-24,10.45,14.92,70.55,2198.91,43.13222428481163
2027-01-25,49.21,40.18,63.05,328.08,10.896097018227165
2027-01-26,38.13,41.12,65.06,209.7,43.13544109422354
2027-01-27,49.77,21.8,54.45,2225.8,43.637505468644235
2027-01-28,14.97,18.44,55.25,907.81,39.65241146543448
2027-01-29,38.94,24.78,56.39,1831.89,10.203082580308003
2027-01-30,53.06,30.41,89.09,2115.38,42.10159027646846
2027-01-31,19.47,32.03,33.95,2135.99,75.85583709596916
2027-02-01,52.38,29.0,52.52,30.45,39.733444484489326
2027-02-02,28.48,31.83,47.41,1488.64,6.506166773673047
2027-02-03,26.55,38.87,82.37,1353.78,9.423506950212488
2027-02-04,25.71,12.34,67.51,1639.81,10.420874320460548
2027-02-05,35.1,33.26,43.51,1354.2,12.445092965305772
2027-02-06,25.13,37.82,72.27,1871.04,42.95604956334867
2027-02-07,55.4,18.8,54.95,2175.75,5.284033828309166
2027-02-08,45.77,34.8,50.46,137.82,39.35399267735238
2027-02-09,51.68,15.5,71.01,2230.79,5.461913490073247
2027-02-10,22.87,36.66,88.52,614.21,9.064508399140184
2027-02-11,32.35,22.59,83.45,545.65,13.60129334888822
2027-02-12,11.76,41.45,46.8,2374.11,43.1076962041805
2027-02-13,9.2,33.24,75.43,505.87,14.448637724866387
2027-02-14,23.56,35.65,76.61,464.32,37.4977355552529
2027-02-15,19.28,31.69,51.75,2264.62,5.460524227948031
2027-02-16,58.99,40.64,36.37,310.75,10.659070641715626
2027-02-17,43.23,17.08,93.13,1321.84,14.437807261746768
2027-02-18,11.01,40.42,61.78,1165.71,40.48264139650709
2027-02-19,52.42,30.83,67.33,2316.63,7.704679056367485
2027-02-20,49.37,21.73,37.29,1186.15,11.332394427947804
2027-02-21,18.23,39.96,56.64,1248.2,41.63186453336494
2027-02-22,59.58,19.66,57.44,2203.65,14.747630709394825
2027-02-23,15.42,26.11,50.78,1600.36,39.63758079973609
2027-02-24,16.02,29.85,33.12,2150.77,42.08106661957211
2027-02-25,57.19,37.5,33.31,447.88,37.31903036324234
2027-02-26,40.89,33.9,68.91,1256.37,10.890025517063352
2027-02-27,17.09,41.33,65.52,1985.02,44.98444203851854
2027-02-28,39.0,18.07,63.99,609.88,13.2457794139032
2027-03-01,46.48,37.99,91.0,1414.75,41.000247103920096
2027-03-02,56.56,33.39,93.05,2033.54,9.848018960157091
2027-03-03,50.64,14.77,73.15,1823.56,9.011225083766256
2027-03-04,32.19,36.46,75.32,2356.58,6.940125653607304
2027-03-05,13.17,27.27,78.35,605.03,35.21568746777758
2027-03-06,61.01,17.37,75.62,1156.39,8.354062354989438
2027-03-07,18.46,25.36,27.53,1705.48,14.89830480689849
2027-03-08,63.65,30.92,78.65,1930.86,6.933750405435115
2027-03-09,57.44,38.75,55.24,2185.75,10.30527498065041
2027-03-10,47.91,36.06,89.88,23.57,37.10431112217185
2027-03-11,57.1,20.12,45.59,2113.36,12.790717124499373
2027-03-12,25.99,22.83,51.62,1175.33,13.876687981404787
2027-03-13,28.25,14.02,63.95,2402.73,13.618857913271848
2027-03-14,8.9,15.85,42.62,339.54,44.58901420066982
2027-03-15,55.23,41.55,83.34,1241.47,9.4991466171309
2027-03-16,49.69,18.51,74.41,498.09,14.074260400145892
2027-03-17,49.1,37.58,91.51,1214.25,14.718649020801553
2027-03-18,46.23,34.06,31.66,1995.93,8.733580514054031
2027-03-19,12.96,14.4,30.96,782.4,38.37836624297104
2027-03-20,46.57,31.56,35.04,802.29,9.777356765867118
2027-03-21,18.27,39.64,48.33,2082.56,12.12378848573416
2027-03-22,28.7,38.1,85.19,1140.96,43.537638437964105
2027-03-23,50.88,26.64,65.35,371.94,37.30047160288884
2027-03-24,25.51,22.49,60.94,1652.69,9.04302953372364
2027-03-25,30.43,41.94,36.48,856.39,35.97531854020409
2027-03-26,19.79,19.09,48.23,1606.53,12.619810482156375
2027-03-27,39.05,23.81,73.42,1940.56,42.70524066924692
2027-03-28,59.85,22.7,77.33,2466.81,9.003708575910364
2027-03-29,64.39,17.54,28.92,2030.46,13.325798399816849
2027-03-30,13.98,15.33,27.53,70.7,38.1708471743039
2027-03-31,24.67,39.34,35.68,653.59,37.97883122177868
2027-04-01,39.47,19.56,67.19,921.57,5.73576631290787
2027-04-02,13.89,31.54,85.87,2327.28,41.48618300107789
2027-04-03,22.86,27.58,43.22,65.28,37.24383430483566
2027-04-04,19.16,34.17,64.1,745.86,39.12123079105051
2027-04-05,52.46,40.73,43.09,1201.28,14.476823397051856
2027-04-06,52.16,26.55,93.54,1086.26,11.669944355814053
2027-04-07,49.58,25.44,63.28,2192.11,8.19566280003766
2027-04-08,55.65,27.45,75.45,1114.67,9.33260665127543
2027-04-09,13.91,39.64,31.22,1173.19,43.520420662266226
2027-04-10,8.16,24.36,36.52,675.39,8.249294007781682
2027-04-11,20.54,20.62,62.32,542.78,43.7655464164728
2027-04-12,42.65,37.77,83.06,1631.64,38.194960231679886
2027-04-13,22.02,40.79,66.67,1865.97,41.05002593520421
2027-04-14,28.68,32.77,65.28,253.14,81.29860180575893
2027-04-15,63.57,40.06,54.93,1546.38,41.88932983077322
2027-04-16,47.51,23.72,34.4,875.07,13.31441572191245
2027-04-17,31.16,21.41,28.69,2157.11,40.80173551913499
2027-04-18,25.29,24.45,38.03,2462.63,12.716761432704354
2027-04-19,59.08,20.81,46.55,75.28,37.717004210199036
2027-04-20,42.04,26.51,76.33,2479.86,8.016739074478743
2027-04-21,53.05,26.5,74.29,595.35,10.622593115500855
2027-04-22,16.48,16.5,60.73,1295.45,39.792086339046065
2027-04-23,40.35,16.0,35.24,226.7,10.731197101810679
2027-04-24,16.29,25.1,28.69,283.17,78.21674115889688
2027-04-25,47.92,26.51,66.23,1148.78,7.735059836914614
2027-04-26,10.36,23.51,35.72,483.38,8.03436104730184
2027-04-27,13.8,36.18,88.79,618.57,79.13022145192352
2027-04-28,33.41,23.43,61.51,1559.53,11.645893009664121
2027-04-29,21.86,38.05,44.78,777.61,35.285518847155856
2027-04-30,27.52,29.04,93.11,840.49,13.681159589456954
2027-05-01,53.41,26.93,44.92,2018.56,14.233406994242412
2027-05-02,22.45,15.91,46.03,1332.35,41.8313335147428
2027-05-03,33.03,36.58,68.34,1398.68,38.868697387758075
2027-05-04,60.87,30.14,94.51,1352.21,13.78060323110153
2027-05-05,33.19,38.72,74.22,752.09,14.773402821954491
2027-05-06,12.29,19.0,78.96,1913.13,12.346679027217382
2027-05-07,10.79,25.92,80.69,51.82,77.9476133403271
2027-05-08,50.56,36.37,94.9,482.48,6.193975659413397
2027-05-09,27.77,27.92,92.32,1553.56,5.478151058163052
2027-05-10,42.75,37.87,94.56,1013.21,7.467600544700775
2027-05-11,41.19,12.95,38.66,2124.46,14.784711615745197
2027-05-12,64.17,28.37,71.21,1111.53,14.302401434532449
2027-05-13,32.43,22.97,43.63,2323.51,8.504591464751035
2027-05-14,33.91,23.51,38.61,1276.71,6.285535013909024
2027-05-15,60.27,21.74,94.56,1970.72,6.0464874600478336
2027-05-16,21.84,28.21,85.88,1930.94,41.80255767367495
2027-05-17,42.65,18.26,30.47,923.39,7.44368152728664
2027-05-18,19.42,28.47,41.09,1353.15,41.4242548074897
2027-05-19,31.97,20.06,59.25,2302.08,9.458129279425766
2027-05-20,60.47,37.19,33.52,2293.37,36.87855085402772
2027-05-21,31.61,36.55,92.18,649.37,9.25180686990631
2027-05-22,27.84,27.55,32.78,891.96,41.47339896136369
2027-05-23,34.11,40.19,41.11,2146.1,40.804723534215015
2027-05-24,35.02,31.06,67.5,1152.88,12.823573828524943
2027-05-25,50.44,27.97,57.56,1899.19,6.55563323068135
2027-05-26,35.7,40.25,45.92,1981.39,9.658563136514175
2027-05-27,53.44,14.89,66.82,1093.6,11.754653352990928
2027-05-28,46.83,18.37,92.05,493.24,9.38549176187544
2027-05-29,41.35,34.0,85.16,2390.86,35.82121237065091
2027-05-30,16.19,32.43,91.73,1681.45,44.745117078375344
2027-05-31,12.33,30.08,89.12,1462.02,10.998752776187775
2027-06-01,53.69,15.8,43.66,1548.52,10.219324559885171
2027-06-02,24.19,34.13,30.23,1884.78,44.02784317777279
2027-06-03,29.57,38.06,78.74,1003.01,5.8396489944076375
2027-06-04,60.48,30.02,30.8,2351.41,8.666052354708288
2027-06-05,57.04,41.09,77.19,1376.61,7.7604576348293115
2027-06-06,56.35,32.61,61.87,1749.88,12.971445943326044
2027-06-07,43.17,38.17,63.78,785.6,40.014100604553356
2027-06-08,23.35,22.29,53.61,1810.65,7.561236684010715
2027-06-09,57.14,37.62,31.89,613.34,41.884365539171625
2027-06-10,12.69,13.37,75.56,362.49,6.363325099966321
2027-06-11,45.23,13.22,59.18,1471.25,5.417563179599827
2027-06-12,63.54,25.66,69.94,916.39,7.001859114560283
2027-06-13,54.31,14.13,26.35,1875.14,13.759638427068104
2027-06-14,52.35,37.51,64.75,1924.41,13.877307819143605
2027-06-15,42.29,37.99,79.08,255.03,37.161179199465465
2027-06-16,17.41,29.58,66.83,411.89,44.23299883982675
2027-06-17,47.79,38.23,55.97,2483.89,41.93383341090123
2027-06-18,30.56,17.45,86.11,433.15,14.834446147263398
2027-06-19,20.8,36.78,54.17,1420.87,6.181174265504007
2027-06-20,44.54,30.42,89.91,1969.84,10.178649445809823
2027-06-21,57.34,32.77,44.54,1864.43,14.716218196521737
2027-06-22,61.05,37.33,37.64,918.67,11.861188248022478
2027-06-23,27.4,17.22,61.95,728.66,9.512200597716024
2027-06-24,18.54,22.68,75.88,608.34,5.0710603334582345
2027-06-25,23.02,24.16,39.16,864.83,44.34037305400321
2027-06-26,15.18,33.53,43.39,1137.3,37.891685114625574
2027-06-27,55.64,41.68,86.88,1376.6,5.418379282250187
2027-06-28,11.34,23.86,80.33,2113.21,36.63239485549684
2027-06-29,50.3,33.64,44.62,1630.59,5.343939980836856
2027-06-30,28.0,24.18,70.5,381.81,12.238676680948585
2027-07-01,31.76,29.78,44.24,2496.56,6.990501759132613
2027-07-02,16.44,21.33,76.82,423.29,44.4706387956531
2027-07-03,44.24,21.16,25.6,1847.48,5.069707721790481
2027-07-04,43.03,13.27,63.0,921.16,14.982746550311791
2027-07-05,52.74,32.74,85.25,468.92,7.225851681489025
2027-07-06,56.4,17.76,88.49,1152.11,7.111560411645335
2027-07-07,8.87,25.76,66.35,822.95,41.162703196881886
2027-07-08,64.84,41.73,40.34,1715.04,37.03864119003514
2027-07-09,58.63,36.9,30.3,2066.24,7.610726010383743
2027-07-10,54.99,23.96,45.65,18.34,38.458259448460545
2027-07-11,15.26,30.62,73.27,2124.92,37.15449167004358
2027-07-12,17.08,22.02,61.57,2199.58,43.35217271548777
2027-07-13,19.62,36.62,88.06,1654.78,39.47732674145649
2027-07-14,53.2,18.88,48.66,2405.91,11.87736929642448
2027-07-15,63.56,15.17,45.85,1083.86,8.011447720140124
2027-07-16,37.3,35.08,94.19,808.85,40.11310790830193
2027-07-17,8.97,15.11,50.85,823.21,40.42602264415641
2027-07-18,63.86,18.05,86.43,1446.51,13.760661402651031
2027-07-19,17.03,20.88,26.4,458.89,39.81885539771959
2027-07-20,22.87,19.18,29.53,503.35,36.44255220430497
2027-07-21,59.8,33.02,75.92,159.52,39.63021573141337
2027-07-22,58.38,17.24,59.72,1294.37,10.066564728795617
2027-07-23,10.29,26.63,32.13,1445.58,10.262547142191245
2027-07-24,56.84,40.12,92.08,957.12,9.4608347952928
2027-07-25,63.2,23.45,93.48,538.45,14.507741137790799
2027-07-26,61.51,15.21,72.82,1800.81,9.358428129713753
2027-07-27,39.55,34.8,75.85,2232.45,8.607831520440179
2027-07-28,12.44,20.76,58.12,816.13,13.27261401213627
2027-07-29,38.01,30.74,83.14,1805.71,41.058219029490466
2027-07-30,62.19,21.94,75.28,1098.84,6.558971865675966
2027-07-31,16.44,15.89,30.38,2198.91,37.165157933974086
2027-08-01,44.72,21.95,27.45,1502.24,11.507074441750536
2027-08-02,38.31,29.92,86.23,22.27,8.642079263633146
2027-08-03,11.03,21.3,89.39,1866.46,14.144147075713228
2027-08-04,64.78,40.25,73.43,2350.6,11.787969905421793
2027-08-05,42.37,15.19,61.26,460.58,13.048411663641389
2027-08-06,20.69,30.37,30.3,22.27,81.71085853044931
2027-08-07,24.22,41.03,43.16,423.07,79.89406662134724
2027-08-08,31.94,16.43,29.79,1477.99,43.82948853792331
2027-08-09,23.67,31.4,81.73,1689.81,42.4759005074635
2027-08-10,27.23,12.65,51.42,2429.28,6.043728460483595
2027-08-11,9.25,17.42,31.28,2461.62,35.08432930021849
2027-08-12,45.04,36.88,70.36,2103.28,10.64800851918231
2027-08-13,53.39,29.31,75.48,1269.95,13.57808453397514
2027-08-14,59.56,41.34,53.5,1290.53,11.316548638222578
2027-08-15,63.61,14.93,88.49,231.47,44.19309644609544
2027-08-16,28.8,31.23,93.77,1962.3,9.043559604640365
2027-08-17,58.12,18.96,84.48,1555.23,7.400280250326162
2027-08-18,52.79,21.37,37.15,2332.5,43.02381580217613
2027-08-19,34.02,22.44,40.76,1183.45,40.73488343288858
2027-08-20,18.16,32.04,43.48,810.54,43.629160663827946
2027-08-21,41.46,30.12,55.13,1893.67,5.265600522646387
2027-08-22,26.99,23.94,41.98,1608.39,12.229016966927853
2027-08-23,8.62,33.06,76.08,384.71,39.65317412031628
2027-08-24,39.21,30.95,82.34,1742.35,39.225157005086444
2027-08-25,10.19,30.5,39.97,1877.06,12.224054628092345
2027-08-26,64.1,22.32,39.9,243.29,10.830071688309388
2027-08-27,23.89,20.53,42.54,1338.04,43.42630844758951
2027-08-28,27.12,25.89,51.08,1993.06,12.546571284102566
2027-08-29,52.28,17.62,76.32,145.64,43.90250452491256
2027-08-30,64.78,31.68,26.34,377.75,11.928850713205895
2027-08-31,49.37,38.46,48.5,302.64,13.384715155637046
2027-09-01,63.63,17.45,31.17,2201.02,7.165735520384998
2027-09-02,55.18,16.54,40.52,259.36,5.096467774634236
2027-09-03,19.66,18.23,40.4,1371.21,9.695945298816843
2027-09-04,36.71,28.36,57.62,830.3,6.9453367424119445
2027-09-05,52.14,19.45,32.02,1682.07,14.962643481799153
2027-09-06,8.03,39.2,85.34,96.07,39.02431844730188
2027-09-07,61.61,23.15,42.84,2491.82,10.396379705608787
2027-09-08,11.95,34.36,89.02,401.79,41.094019281404115
2027-09-09,47.34,35.86,59.62,843.93,38.819940918982354
2027-09-10,11.48,29.55,53.58,1918.02,5.335026475843269
2027-09-11,61.38,40.92,52.81,1054.39,5.9285453932704755
2027-09-12,49.0,12.02,49.51,1336.32,13.104444770255736
2027-09-13,9.14,31.18,89.18,1166.54,43.57688908986133
2027-09-14,45.84,19.73,49.36,2480.3,11.680452909142565
2027-09-15,11.4,14.33,59.55,575.47,7.782408473744605
2027-09-16,34.04,18.37,67.84,48.71,8.681533513506423
2027-09-17,20.3,29.6,81.61,258.68,41.587581338507654
2027-09-18,27.77,35.94,87.83,2467.04,44.7226142537738
2027-09-19,52.5,34.62,86.94,622.62,38.21197274003014
2027-09-20,52.38,39.48,56.06,1259.59,11.754285986781895
2027-09-21,19.23,26.1,31.87,669.42,42.83374161697907
2027-09-22,51.82,18.56,69.14,357.75,9.307783237559224
2027-09-23,60.03,25.49,65.41,1545.35,9.558296149446214
2027-09-24,22.54,22.3,45.43,288.46,37.5066757630637
2027-09-25,9.57,22.36,58.63,471.56,9.172963669556541
2027-09-26,17.66,29.71,68.24,1301.51,37.15156781042872
2027-09-27,13.64,30.73,67.62,1281.35,39.26197781513359
2027-09-28,42.86,32.27,75.68,2019.47,6.0288699990087835
2027-09-29,53.47,28.55,52.56,1786.01,5.811687203383072
2027-09-30,44.14,39.06,78.79,281.3,42.957645693688136
2027-10-01,48.35,13.32,40.57,153.65,38.39580961628284
2027-10-02,24.8,22.19,85.28,1362.84,39.808361221799416
2027-10-03,60.82,23.79,45.87,127.49,36.04611382195124
2027-10-04,8.52,33.55,65.71,2379.85,40.33887526479917
2027-10-05,53.17,32.05,33.89,1761.44,43.64390782837622
2027-10-06,47.06,34.81,52.77,1981.85,40.7006680591933
2027-10-07,53.4,12.93,69.71,113.17,36.666466319207444
2027-10-08,34.85,35.47,52.35,592.02,44.30815032158047
2027-10-09,47.32,35.19,87.68,1867.4,39.551910224409475
2027-10-10,50.67,37.82,32.36,75.04,7.67814428072133
2027-10-11,61.67,15.77,63.91,525.74,7.115493601181136
2027-10-12,50.15,24.9,64.35,844.97,13.539641551347648
2027-10-13,9.72,18.48,67.08,1806.88,36.01578391556818
2027-10-14,32.83,26.85,88.38,2053.9,10.92571885974642
2027-10-15,42.74,23.92,47.36,2374.99,39.719182995563784
2027-10-16,46.53,18.17,53.53,1298.14,9.3830877565482
2027-10-17,47.63,28.63,84.24,2126.15,5.943120894815618
2027-10-18,47.15,19.72,66.89,2162.43,13.677137813734667
2027-10-19,57.47,32.61,52.74,919.82,12.518584072405563
2027-10-20,52.41,13.07,38.47,386.13,11.083534285899034
2027-10-21,45.26,35.69,30.44,110.68,38.170929583212406
2027-10-22,8.51,13.29,80.78,353.79,12.343802767214408
2027-10-23,54.13,26.12,80.21,85.26,39.589316037697905
2027-10-24,27.23,12.7,32.51,1531.23,41.862282895507
2027-10-25,63.61,12.05,36.38,1447.89,8.224555963079794
2027-10-26,45.95,32.51,40.4,44.92,41.61582181086712
2027-10-27,57.93,25.77,44.97,1173.06,41.761096911712826
2027-10-28,53.45,23.24,41.42,314.25,10.752003064844601
2027-10-29,44.99,33.09,46.14,2209.04,9.668866299615608
2027-10-30,14.07,17.5,64.01,698.03,7.434043596592657
2027-10-31,11.44,29.25,46.77,1979.11,6.5255158256086085
2027-11-01,48.45,33.87,72.86,1791.82,38.303087169572535
2027-11-02,16.1,29.65,52.11,168.79,39.96924245391461
2027-11-03,63.04,22.28,42.83,875.72,6.68844073181427
2027-11-04,35.28,34.21,80.02,2474.68,36.7835683435638
2027-11-05,61.0,26.15,25.32,1945.49,9.488787689294083
2027-11-06,47.26,31.39,34.58,1035.32,5.87248092192553
2027-11-07,16.1,14.87,80.98,1072.91,38.21388222227168
2027-11-08,30.79,19.23,52.73,1722.81,11.815242417271932
2027-11-09,48.15,41.09,59.11,476.16,10.090422388626807
2027-11-10,16.73,34.83,92.4,862.12,41.2849564358324
2027-11-11,45.39,34.67,62.2,2249.45,6.089995388951902
2027-11-12,14.97,20.29,53.26,719.5,39.81780846297813
2027-11-13,30.99,34.36,26.02,1330.9,7.169170736134544
2027-11-14,63.61,18.24,65.29,1434.5,12.31183802255264
2027-11-15,42.64,12.41,76.94,976.04,14.59469868349253
2027-11-16,26.02,33.91,28.34,604.69,5.788408658182085
2027-11-17,53.08,27.09,48.95,816.81,6.916483904228797
2027-11-18,61.4,30.07,54.72,429.6,14.859267638854964
2027-11-19,17.56,32.93,59.52,1868.71,38.08657564727746
2027-11-20,34.39,28.0,35.72,2422.11,6.115401190219874
2027-11-21,50.05,34.71,38.39,2208.97,10.582893937324883
2027-11-22,20.82,34.92,33.63,2064.73,6.927375471418648
2027-11-23,49.53,19.09,91.1,1089.1,9.839689590667426
2027-11-24,35.19,38.08,50.57,2295.47,41.91172886124625
2027-11-25,46.7,33.4,38.73,1967.72,5.439526189935973
2027-11-26,45.72,17.31,91.36,1529.32,8.849673917013583
2027-11-27,35.54,26.81,94.86,125.6,8.702395758419804
2027-11-28,59.79,25.5,33.15,865.03,5.141701707972056
2027-11-29,12.2,41.36,62.18,659.77,37.95677021747536
2027-11-30,34.33,23.36,80.34,2389.96,13.53599572478571
2027-12-01,50.47,22.35,87.74,1945.76,14.541092115810581
2027-12-02,39.49,39.31,37.74,232.17,38.06866843430253
2027-12-03,21.72,16.26,79.97,1831.62,41.388168494196925
2027-12-04,15.03,22.09,33.4,2330.03,12.187737536932115
2027-12-05,34.64,33.47,89.33,2400.51,5.744042749027766
2027-12-06,62.07,19.0,87.92,1275.72,13.501545048027062
2027-12-07,22.62,14.76,59.45,1680.85,40.76814610402445
2027-12-08,60.48,41.68,29.11,761.71,9.070535370084022
2027-12-09,44.46,13.65,47.5,1090.83,8.382438774482825
2027-12-10,63.22,24.39,25.22,2213.03,13.531221415828256
2027-12-11,47.31,21.1,89.09,379.03,5.576355972319131
2027-12-12,50.18,33.19,51.52,1221.45,13.89024792213813
2027-12-13,37.17,35.8,70.04,834.8,41.12686742234809
2027-12-14,11.13,18.09,38.29,1601.13,9.356307561931104
2027-12-15,59.33,15.82,72.99,342.21,41.23282929286154
2027-12-16,26.01,20.52,87.61,2178.79,37.26268602360998
2027-12-17,8.09,29.54,57.6,440.99,12.473670510278634
2027-12-18,63.39,23.97,75.73,1977.19,8.411575135425391
2027-12-19,40.31,19.83,61.61,1040.6,10.415880779269603
2027-12-20,42.88,29.24,73.52,2401.36,13.96945535597401
2027-12-21,51.71,26.7,40.7,272.74,9.339898223728305
2027-12-22,41.34,13.0,44.47,2085.65,7.173886339742246
2027-12-23,12.91,20.58,65.32,1565.09,39.07124652182579
2027-12-24,56.37,22.7,79.69,1276.55,7.259508995777911
2027-12-25,60.47,31.01,86.21,2358.69,7.8829770435823265
2027-12-26,14.89,41.06,68.22,2192.7,78.51668104130486
2027-12-27,64.3,17.44,50.05,30.28,39.835668832462225
2027-12-28,35.79,20.27,47.53,2291.2,7.486745559427945
2027-12-29,30.89,36.38,85.91,2384.12,6.929695419861588
2027-12-30,17.54,41.64,50.85,1287.7,41.303139164510924
2027-12-31,12.1,25.81,59.76,1134.1,12.067828806540142
2028-01-01,32.1,36.24,25.77,1943.53,13.796232922822076
2028-01-02,38.05,29.66,92.72,1296.36,8.865554310668688
2028-01-03,59.31,12.55,51.71,2459.95,12.640516972615792
2028-01-04,55.14,31.34,28.24,399.38,6.970991189145076
2028-01-05,18.38,12.3,61.77,1527.23,44.121864313307086
2028-01-06,11.2,41.6,33.14,2011.32,43.13213860773466
2028-01-07,26.72,25.93,57.63,1945.77,6.3812638916080004
2028-01-08,51.94,21.5,72.42,1321.56,13.392954605472154
2028-01-09,22.21,24.82,94.06,593.95,6.304559030584683
2028-01-10,49.38,28.38,71.6,1707.19,7.961648966578498
2028-01-11,58.41,23.46,82.55,2243.39,8.993173663089031
2028-01-12,22.37,17.13,46.31,2034.24,7.729548605987966
2028-01-13,57.42,40.62,76.1,1416.08,43.95128262286208
2028-01-14,25.68,41.48,93.27,57.5,44.944400838506745
2028-01-15,51.26,41.6,77.11,582.28,6.504381861797378
2028-01-16,64.13,39.99,64.17,631.29,40.72652447299918
2028-01-17,47.51,39.56,41.08,1631.97,11.318044486807693
2028-01-18,10.53,16.59,54.01,643.12,41.852243659582996
2028-01-19,14.21,39.24,92.86,1853.39,8.393467576325904
2028-01-20,8.26,28.33,60.08,2141.91,43.17810756135808
2028-01-21,40.68,34.03,37.27,1623.08,7.607995145222555
2028-01-22,63.15,29.51,60.24,616.27,6.854147904669247
2028-01-23,29.19,13.68,56.53,461.88,7.606195854753306
2028-01-24,19.92,37.33,44.34,1752.84,39.31602892964207
2028-01-25,60.09,41.31,88.11,1930.86,42.44467182128379
2028-01-26,46.75,37.17,62.77,1422.27,7.184390877360723
2028-01-27,40.73,23.07,67.81,16.73,41.02137964061508
2028-01-28,33.83,14.72,55.75,2236.89,7.270738853207446
2028-01-29,36.23,17.64,28.75,2032.46,11.935138683929786
2028-01-30,59.11,12.96,25.34,1401.81,5.5996120826995766
2028-01-31,19.69,31.58,30.48,2004.77,38.99238237500753
2028-02-01,54.21,15.11,43.4,1504.18,39.38874824357211
2028-02-02,27.92,21.08,55.64,2314.56,41.300034798231934
2028-02-03,46.75,23.59,29.44,2060.59,6.509722251360142
2028-02-04,48.06,41.23,54.81,1598.96,10.262853016131174
2028-02-05,63.01,12.47,84.24,475.76,12.773590871500625
2028-02-06,28.89,41.48,47.14,759.03,36.12681858118597
2028-02-07,63.87,31.41,81.48,1073.1,11.50511685299513
2028-02-08,38.91,30.81,76.28,291.43,42.40602308821576
2028-02-09,16.08,19.76,67.61,435.81,9.431224602957213
2028-02-10,33.82,19.89,43.95,2167.43,6.884079354074188
2028-02-11,34.97,20.69,33.44,1183.59,11.859174764410554
2028-02-12,24.31,32.67,25.58,1332.16,37.43785980289204
2028-02-13,58.96,15.17,31.23,1533.07,11.247929936746113
2028-02-14,34.15,31.32,53.03,2369.35,6.570109219797282
2028-02-15,9.68,23.4,83.86,1098.25,36.55205084424096
2028-02-16,43.36,28.72,35.53,1726.08,11.7675347416655
2028-02-17,37.46,18.61,33.41,2152.57,6.58323954733395
2028-02-18,47.6,34.77,73.4,831.46,7.526746834433322
2028-02-19,57.75,14.4,71.91,770.36,11.737417553569717
2028-02-20,29.2,12.03,36.67,470.89,38.84351876012835
2028-02-21,25.16,22.45,89.93,1586.38,10.397733563324506
2028-02-22,59.05,20.16,50.49,747.17,10.549261738477236
2028-02-23,26.49,36.18,90.31,220.03,39.13091398079346
2028-02-24,31.23,41.74,83.52,990.79,37.92756499607687
2028-02-25,41.45,32.87,37.04,1079.78,13.99548241215686
2028-02-26,55.91,17.76,50.69,1244.57,14.533357014762977
2028-02-27,11.83,39.19,48.67,966.92,43.632294272851325
2028-02-28,10.48,33.38,72.88,1000.55,42.86632070414271
2028-02-29,11.42,27.72,47.6,436.54,9.726505890639709
2028-03-01,47.15,12.25,31.63,74.66,10.766574447068216
2028-03-02,30.06,35.08,58.04,2355.53,37.16385375034306
2028-03-03,27.39,35.62,79.19,1527.82,7.020304464882456
2028-03-04,63.57,12.88,50.46,871.78,13.06850396026987
2028-03-05,25.43,23.87,60.66,529.79,14.680955170775459
2028-03-06,26.96,37.03,28.41,1752.22,38.094525720248335
2028-03-07,49.36,27.03,43.1,351.06,11.488158557969474
2028-03-08,55.16,27.26,32.72,2136.07,36.058241091787046
2028-03-09,51.32,26.17,60.18,1351.95,6.068106134205879
2028-03-10,63.83,17.69,61.88,1562.15,5.719371279793175
2028-03-11,25.65,41.4,27.77,865.79,40.61918404493238
2028-03-12,54.85,23.01,36.96,2104.62,12.883983970052519
2028-03-13,26.35,38.85,91.01,1831.73,13.212017740532287
2028-03-14,25.05,25.99,55.3,868.58,6.51524957172218
2028-03-15,15.69,37.71,35.92,1050.98,7.809719457007118
2028-03-16,32.09,41.83,43.38,1135.33,5.388358517239053
2028-03-17,49.37,20.66,33.9,2252.81,7.880316859548162
2028-03-18,29.92,21.55,50.96,403.13,14.996082550004381
2028-03-19,58.38,37.0,54.57,965.61,5.9116088294332485
2028-03-20,27.51,30.63,32.54,1642.84,39.320581413422204
2028-03-21,25.57,35.53,77.22,1948.88,6.353798600502618
2028-03-22,50.48,32.09,45.28,967.95,9.660571571902306
2028-03-23,9.2,19.95,47.22,132.1,80.75818040745601
2028-03-24,58.74,25.36,45.34,443.77,8.263280085328422
2028-03-25,22.46,20.52,28.89,1452.87,43.32189708043378
2028-03-26,13.69,16.13,79.61,154.5,41.24185980305191
2028-03-27,12.94,34.91,73.27,7.63,77.3621711967453
2028-03-28,31.34,26.5,39.9,575.66,40.588302688884994
2028-03-29,39.49,19.27,91.16,2115.28,14.087063029837251
2028-03-30,52.66,19.14,45.77,305.13,8.968003526690474
2028-03-31,47.76,27.27,38.5,2303.99,14.733521834989794
2028-04-01,35.09,29.18,49.98,427.46,9.333677785121907
2028-04-02,18.61,18.39,30.16,1300.76,42.844061122399665
2028-04-03,43.35,22.74,57.44,199.93,38.07873149076643
2028-04-04,35.81,34.77,55.85,770.89,7.072130148593216
2028-04-05,20.82,32.04,92.35,1030.07,39.435708982065115
2028-04-06,46.52,41.49,87.0,1023.68,13.408029092248096
2028-04-07,20.23,17.32,60.5,2242.6,43.67967628139894
2028-04-08,28.3,40.86,35.9,2045.39,12.35146849515327
2028-04-09,23.02,18.06,44.69,1152.74,14.117709045607699
2028-04-10,62.87,13.19,90.26,655.18,5.491165766987466
2028-04-11,16.81,12.15,66.83,422.99,42.56168899869247
2028-04-12,34.65,31.91,26.45,1813.28,5.43352881887934
2028-04-13,63.88,21.42,26.08,2365.6,14.619577242327708
2028-04-14,42.98,21.86,81.48,2088.37,36.767115215236835
2028-04-15,30.37,33.03,62.8,868.71,11.798299917622087
2028-04-16,14.45,36.34,72.26,2149.14,44.62105934087506
2028-04-17,16.27,34.84,41.28,107.98,80.43121944433484
2028-04-18,32.0,28.29,40.56,2351.34,11.946808577558379
2028-04-19,64.88,41.32,42.03,1533.72,40.07871150143322
2028-04-20,29.39,39.59,57.46,546.29,36.38171990997331
2028-04-21,36.99,36.12,61.3,1248.83,35.596222714216864
2028-04-22,50.75,12.89,65.69,1211.42,11.3049669239889
2028-04-23,27.35,30.85,91.91,1477.76,14.27113311572018
2028-04-24,22.75,23.75,86.89,1893.36,44.26571489874749
2028-04-25,15.52,40.88,87.36,2385.24,9.34562932066143
2028-04-26,10.01,33.88,74.0,622.55,43.113260887219084
2028-04-27,51.43,35.58,82.08,453.11,37.555600178181315
2028-04-28,37.4,37.47,32.06,1322.47,35.041692991182416
2028-04-29,54.06,12.74,76.58,1484.14,36.41565902376204
2028-04-30,17.09,30.61,54.89,884.86,40.32936926320134
2028-05-01,15.36,17.06,79.0,1493.02,10.135314954014834
2028-05-02,26.93,35.49,33.35,137.69,5.095152541086719
2028-05-03,53.01,16.75,44.52,368.67,7.82169054569861
2028-05-04,37.57,35.89,52.32,479.12,38.78333892266336
2028-05-05,32.64,19.88,81.67,1892.84,10.452311096200214
2028-05-06,45.93,19.89,90.8,1395.41,14.586232671189348
2028-05-07,42.85,26.65,33.31,1092.72,10.582122549465184
2028-05-08,14.08,17.66,44.09,2436.48,40.7808216193999
2028-05-09,12.2,39.55,25.77,310.03,80.22881211057391
2028-05-10,58.64,21.31,63.62,691.98,6.769051852261897
2028-05-11,42.56,31.71,41.96,604.67,5.1048666873228665
2028-05-12,56.89,25.42,65.71,2175.0,40.95896722649454
2028-05-13,25.23,39.43,91.61,779.74,11.554196202789328
2028-05-14,30.79,13.21,54.0,8.19,8.357665761336476
2028-05-15,51.56,40.02,58.37,1966.46,14.022777730149956
2028-05-16,62.83,37.89,82.79,1091.16,11.318522027886189
2028-05-17,59.37,12.27,82.94,1762.07,10.659456975571036
2028-05-18,12.83,23.87,86.82,1445.75,35.61633365806226
2028-05-19,59.8,17.18,71.02,1321.21,8.405442763626676
2028-05-20,64.3,36.97,82.21,1821.98,8.119048014004939
2028-05-21,32.69,36.14,30.83,1261.06,5.293095573603724
2028-05-22,50.75,35.6,29.71,1987.72,12.898436926242852
2028-05-23,34.15,17.99,73.89,2261.26,10.297610377270884
2028-05-24,39.42,36.99,54.77,18.59,12.420900626956632
2028-05-25,46.06,14.8,40.71,668.33,6.7536064249796
2028-05-26,57.84,16.09,74.46,440.89,12.650162539528647
2028-05-27,38.32,15.13,32.78,1930.9,7.996609764893902
2028-05-28,27.94,14.19,36.95,1917.02,7.830210501942534
2028-05-29,45.62,26.48,45.43,1143.59,41.82684976972368
2028-05-30,17.85,22.22,27.19,616.23,40.46421463228131
2028-05-31,63.77,37.82,84.38,828.16,37.36459924352838
2028-06-01,48.88,14.81,32.62,881.12,5.28078341735649
2028-06-02,38.44,29.13,42.58,2330.3,9.255162951494714
2028-06-03,20.06,19.91,66.08,552.58,11.02619506624741
2028-06-04,41.05,24.7,66.83,1239.78,7.213131564751295
2028-06-05,8.88,25.18,60.82,847.1,40.96266698965296
2028-06-06,34.58,26.53,38.43,1240.78,7.94627758551579
2028-06-07,50.97,36.16,76.81,1231.81,11.266784180109951
2028-06-08,15.83,30.3,63.94,1625.27,14.361619074365894
2028-06-09,53.77,37.83,54.78,571.51,41.38300004349496
2028-06-10,53.88,21.01,57.07,1216.6,12.853648392210294
2028-06-11,49.33,28.98,26.1,1624.58,7.0740651011351225
2028-06-12,22.69,16.48,28.31,1645.6,41.31950098371816
2028-06-13,15.16,40.28,68.94,2481.95,37.30380626809021
2028-06-14,31.03,41.28,47.04,1100.92,35.90666533962616
2028-06-15,30.52,35.92,57.33,1943.71,11.869409581013716
2028-06-16,27.49,35.82,34.22,289.1,36.570782615073604
2028-06-17,44.66,41.49,38.57,1379.74,8.886371749614577
2028-06-18,29.13,15.4,60.37,1079.13,12.260987714111137
2028-06-19,57.92,20.81,53.57,83.86,41.718072072012866
2028-06-20,60.18,35.4,35.76,304.46,7.441640639779586
2028-06-21,61.51,34.12,48.38,576.58,14.58804615680306
2028-06-22,22.72,14.35,63.55,1111.85,38.084627807636245
2028-06-23,9.95,19.94,87.96,2379.39,37.12822052165889
2028-06-24,47.47,27.28,89.42,2365.71,13.368233247796283
2028-06-25,57.27,26.02,59.1,582.0,6.145161371822736
2028-06-26,62.52,29.48,47.74,1438.46,39.867486543153056
2028-06-27,41.27,36.68,90.47,1975.26,8.579412414012303
2028-06-28,45.2,33.63,61.91,2259.71,42.80270857880013
2028-06-29,53.96,12.2,87.69,1918.25,7.050404210989928
2028-06-30,16.39,17.66,50.65,279.51,36.084790177034066
2028-07-01,30.92,36.0,75.75,77.14,40.58066423042833
2028-07-02,61.26,41.41,74.95,1560.19,6.831418618957157
2028-07-03,41.42,35.69,86.09,970.03,44.77467471141849
2028-07-04,19.55,31.05,63.97,1767.14,44.701928761136905
2028-07-05,43.27,25.62,93.51,1985.08,14.025035150046934
2028-07-06,59.27,28.41,55.75,672.62,10.005336665810347
2028-07-07,36.73,22.65,49.35,1114.14,14.837818225102826
2028-07-08,30.37,17.24,83.66,1987.2,5.203062592097634
2028-07-09,39.73,16.69,81.3,188.24,41.662706281329555
2028-07-10,55.59,23.52,91.99,1162.0,14.736638783999984
2028-07-11,58.1,39.93,63.18,2461.04,37.11129595293908
2028-07-12,41.36,18.24,81.63,803.98,12.02259286474219
2028-07-13,18.78,39.94,58.63,541.2,36.41571892947288
2028-07-14,57.74,29.58,45.36,1808.19,5.898354212874661
2028-07-15,14.44,20.89,38.55,266.6,36.19534109779587
2028-07-16,18.14,24.99,91.75,1359.1,9.467046539323073
2028-07-17,43.13,38.97,30.93,791.01,40.81230677261621
2028-07-18,36.5,37.7,38.69,248.63,14.484143751721707
2028-07-19,57.24,27.47,92.97,460.44,13.463840923516873
2028-07-20,32.37,35.88,27.71,2253.56,40.464649689784146
2028-07-21,52.09,30.85,71.96,2067.61,44.524616013850455
2028-07-22,50.06,38.46,87.49,2031.21,6.983230834396759
2028-07-23,56.52,26.07,80.0,934.41,7.9021314032594026
2028-07-24,46.06,19.44,89.32,2287.31,8.644924160000397
2028-07-25,54.18,17.09,72.81,327.41,44.233365704373476
2028-07-26,49.64,27.77,61.74,1342.69,10.271708419204419
2028-07-27,33.58,33.0,36.53,828.43,8.661051685206253
2028-07-28,14.91,13.73,80.54,1960.01,43.040803988876874
2028-07-29,24.41,35.74,68.92,316.91,41.777709855980376
2028-07-30,21.73,18.54,29.26,140.92,43.242568217834744
2028-07-31,62.94,36.16,82.21,2445.22,36.57893883981167
2028-08-01,49.21,36.17,84.63,2178.24,43.95524688449131
2028-08-02,12.39,29.62,75.11,653.21,37.508465823522165
2028-08-03,31.58,32.74,53.3,265.95,39.59543261743191
2028-08-04,28.1,18.73,47.1,2305.37,5.520996449114444
2028-08-05,49.74,40.99,92.74,1153.81,14.551648043794184
2028-08-06,34.26,35.78,51.1,1724.27,35.699508351580384
2028-08-07,17.26,13.03,65.04,1290.19,44.49589894661597
2028-08-08,22.33,14.85,74.94,573.0,35.94989247676638
2028-08-09,43.52,28.1,82.59,298.12,40.92235516073844
2028-08-10,30.04,37.54,50.86,1111.2,7.173323943270934
2028-08-11,23.56,29.78,42.32,2218.73,36.11727425302786
2028-08-12,28.16,30.52,43.37,1441.59,6.313656043845243
2028-08-13,25.2,24.43,33.87,755.35,6.316815326696009
2028-08-14,57.61,16.38,46.87,856.14,9.370793306454626
2028-08-15,14.06,19.62,77.74,1309.23,8.676676551832262
2028-08-16,13.91,27.95,58.03,1466.05,11.227325714016256
2028-08-17,37.62,14.98,65.33,2212.66,6.464864998202723
2028-08-18,13.11,23.68,54.33,740.04,35.605733769506955
2028-08-19,63.93,34.56,52.82,2268.84,12.46928504152342
2028-08-20,27.21,24.35,37.13,1332.7,8.875471046708757
2028-08-21,21.1,29.92,45.03,1339.8,41.7780399466219
2028-08-22,40.43,31.58,39.69,1370.9,9.049951817429456
2028-08-23,14.41,20.27,66.32,484.29,40.07528650196264
2028-08-24,39.74,23.74,81.67,2294.7,14.491075274615998
2028-08-25,23.19,28.11,66.03,120.85,37.871185173553954
2028-08-26,17.69,28.92,63.44,2448.5,10.261973492987455
2028-08-27,14.8,37.7,47.95,1603.93,41.0773474495268
2028-08-28,63.34,35.48,73.91,1213.45,40.70075945989206
2028-08-29,28.36,38.12,74.7,588.47,11.03178040869109
2028-08-30,19.45,24.18,66.39,318.07,41.0455808092312
2028-08-31,35.98,38.85,25.27,1477.33,5.448757210894206
2028-09-01,63.56,41.31,55.6,590.51,9.643580802908645
2028-09-02,29.44,23.34,30.73,1494.0,13.282265617513325
2028-09-03,36.64,12.72,82.07,2291.36,5.028823632866269
2028-09-04,49.48,19.64,55.26,1941.71,11.656566301994467
2028-09-05,60.2,30.38,69.83,1825.9,11.346322848441382
2028-09-06,18.8,26.93,44.84,1674.52,5.886994773289473
